store_Id,user_id,lat,lng,rating,user_ratings_total,price_level
373,1395,41.2705484,-72.9469711,0,0,0
1772,1079,41.2330862,-73.0260426,4,813,0
172,1115,41.2311545,-73.0298801,4,664,0
563,1404,41.2558306,-73.0017676,4,499,0
877,1402,41.2232085,-73.0770867,3.8,824,0
1378,1124,41.2314866,-73.0463287,2.7,294,0
1837,1319,41.2357209,-73.0356117,4.4,19,2
2109,1327,41.2360074,-73.0355201,4.3,6999,0
224,1356,41.2351777,-73.0371841,4.8,799,2
2174,1110,41.2348423,-73.0371839,3.7,47,2
1539,1368,41.234824,-73.0369504,4.3,111,2
1412,1026,41.2351357,-73.0378255,4,1341,2
802,1372,41.2355864,-73.0366258,4.1,88,2
2015,1177,41.235813,-73.03609,4.3,92,2
940,1036,41.2369515,-73.0342675,2.9,33,0
1420,1171,41.2356263,-73.0356486,4.3,22,2
865,1449,41.250878,-73.023882,3.2,5,2
1032,1338,41.2360454,-73.0357313,3.7,9,1
997,1315,41.2513231,-73.0177516,4.6,2243,2
953,1306,41.2306979,-73.064036,0,0,0
1035,1319,41.2360271,-73.0355805,4.2,87,1
963,1022,41.2192589,-73.0128241,2.9,11,0
1838,1041,41.2386268,-73.0200017,4.3,4689,2
1695,1369,41.2509755,-73.0245418,0,0,0
1195,1354,41.250878,-73.023882,2.8,16,2
1876,1417,41.2482781,-73.0253079,4.3,789,3
1906,1352,41.2403,-73.0323972,4.6,1152,2
1562,1024,41.23453,-73.03789,3.1,51,2
1787,1435,41.2287369,-73.0691299,4.5,1809,0
1233,1303,41.234657,-73.037679,4.4,1727,0
1150,1040,41.2276746,-73.0490097,3.1,54,0
866,1144,41.2482,-73.0231,4.1,1172,0
371,1294,41.2365605,-73.0343476,3.7,50,2
1039,1003,41.238876,-73.029025,4.3,438,0
343,1404,41.221337,-73.056141,0,0,0
1829,1357,41.2663359,-73.0030265,2.7,10,0
73,1483,41.2360454,-73.0357313,4.3,48,2
1922,1014,41.2383912,-73.0354361,4.8,636,2
2009,1340,41.257564,-73.0115976,4.2,980,1
1247,1050,41.2590988,-73.011886,4.2,2373,2
1112,1125,41.2351937,-73.0359423,3,2,0
1963,1403,41.2230267,-73.0558634,4.4,1269,2
1785,1185,41.2246104,-73.0583516,5,1,0
1197,1032,41.2246104,-73.0583516,0,0,0
611,1227,41.2235985,-73.0571283,0,0,0
1889,1274,41.2246104,-73.0583516,0,0,0
938,1384,41.2449578,-73.0900722,4.7,13,0
535,1255,41.2403801,-73.0349169,3.2,19,2
828,1420,41.2243641,-73.0708207,0,0,0
1610,1398,41.2211914,-73.0561488,4.4,86,0
1318,1254,41.2380014,-73.0249496,4.5,87,0
614,1244,41.2321271,-73.0400256,4,12,0
515,1157,41.2252414,-73.070796,4.2,92,1
1091,1086,41.2256812,-73.0795573,4.9,220,0
411,1441,41.2476838,-73.0468756,3.5,68,0
152,1466,41.248345,-73.0035426,0,0,0
1957,1129,41.2264861,-73.018438,0,0,0
1036,1399,41.2227871,-73.0571668,4.5,181,0
1690,1391,41.2292156,-73.0298796,4.9,529,0
568,1119,41.2220944,-73.0464309,0,0,0
2186,1093,41.308274,-72.9278835,0,0,0
217,1197,41.268729,-72.9757163,4.2,726,0
1472,1428,41.2558306,-73.0017676,4,499,0
159,1464,41.2812821,-72.9414803,2.9,576,0
1229,1090,41.2921105,-72.9618992,4.3,284,0
1052,1254,41.2689833,-72.9747254,3.8,603,0
2227,1144,41.2832425,-72.9302338,4.5,26,0
1352,1010,41.268622,-72.976384,4.5,4287,2
785,1194,41.2752432,-72.967013,2.6,401,0
1239,1447,41.3013936,-72.9614403,2,1,0
1885,1229,41.2663359,-73.0030265,2.7,10,0
1502,1065,41.2723511,-72.9883249,4.2,949,1
49,1118,41.2844004,-72.9576103,0,0,0
130,1359,41.2844004,-72.9576103,0,0,0
1219,1119,41.2593896,-72.9585938,3.6,22,0
2132,1430,41.2844152,-72.9576369,5,1,0
2010,1166,41.2844004,-72.9576103,0,0,0
2162,1452,41.2844037,-72.957614,0,0,0
2016,1278,41.2844004,-72.9576103,0,0,0
694,1013,41.2705484,-72.9469711,0,0,0
797,1165,41.2844004,-72.9576103,0,0,0
34,1080,41.2844004,-72.9576103,0,0,0
149,1462,41.2844004,-72.9576103,0,0,0
1100,1013,41.2844004,-72.9576103,0,0,0
1840,1376,41.2844004,-72.9576103,0,0,0
1304,1316,41.2844004,-72.9576103,0,0,0
1293,1045,41.2836612,-72.9604509,0,0,0
815,1173,41.2827061,-72.9604283,0,0,0
1061,1274,41.2836612,-72.960451,0,0,0
575,1441,41.2844004,-72.9576103,0,0,0
252,1332,41.2844004,-72.9576103,0,0,0
1969,1301,41.2844004,-72.9576103,0,0,0
2096,1497,41.2844004,-72.9576103,0,0,0
1295,1049,41.2844004,-72.9576103,0,0,0
2131,1317,41.2844004,-72.9576103,0,0,0
1967,1012,41.2844004,-72.9576103,0,0,0
1252,1113,41.2844004,-72.9576103,0,0,0
2056,1346,41.2844004,-72.9576103,0,0,0
1484,1131,41.2844004,-72.9576103,0,0,0
95,1282,41.2844004,-72.9576103,0,0,0
289,1291,41.2844004,-72.9576103,0,0,0
927,1377,41.2844004,-72.9576103,0,0,0
1428,1155,41.2844004,-72.9576103,0,0,0
1083,1048,41.2844004,-72.9576103,0,0,0
56,1104,41.2844004,-72.9576103,0,0,0
562,1056,41.2844004,-72.9576103,0,0,0
2039,1267,41.2844004,-72.9576103,0,0,0
1373,1055,41.2844004,-72.9576103,0,0,0
758,1311,41.2844004,-72.9576103,0,0,0
1121,1339,41.2844004,-72.9576103,0,0,0
2273,1244,41.2844152,-72.9576369,0,0,0
240,1428,41.2844004,-72.9576103,0,0,0
21,1092,41.2844004,-72.9576103,0,0,0
1163,1357,41.2844004,-72.9576103,0,0,0
844,1421,41.2844004,-72.9576103,0,0,0
2261,1415,41.2844004,-72.9576103,0,0,0
259,1422,41.2844004,-72.9576103,0,0,0
1616,1218,41.2844004,-72.9576103,0,0,0
99,1081,41.2844004,-72.9576103,0,0,0
1624,1059,41.2844004,-72.9576103,0,0,0
1167,1043,41.308274,-72.9278835,0,0,0
2023,1305,41.2921105,-72.9618992,4.3,284,0
667,1241,41.2812821,-72.9414803,2.9,576,0
2128,1275,41.3013936,-72.9614403,2,1,0
2046,1193,41.2844004,-72.9576103,0,0,0
1642,1441,41.2844004,-72.9576103,0,0,0
2080,1389,41.2844152,-72.9576369,5,1,0
1687,1185,41.2844004,-72.9576103,0,0,0
212,1011,41.2844037,-72.957614,0,0,0
2251,1021,41.2844004,-72.9576103,0,0,0
1296,1231,41.2844004,-72.9576103,0,0,0
1966,1058,41.2844004,-72.9576103,0,0,0
1214,1467,41.2844004,-72.9576103,0,0,0
273,1252,41.2844004,-72.9576103,0,0,0
902,1463,41.2844004,-72.9576103,0,0,0
1946,1119,41.2844004,-72.9576103,0,0,0
257,1110,41.2879272,-72.9608996,4.4,7,0
1108,1441,41.2844004,-72.9576103,0,0,0
1722,1426,41.2844004,-72.9576103,0,0,0
653,1353,41.2705484,-72.9469711,0,0,0
2025,1335,41.2844004,-72.9576103,0,0,0
886,1403,41.2844004,-72.9576103,0,0,0
819,1103,41.2844004,-72.9576103,0,0,0
675,1063,41.2844004,-72.9576103,0,0,0
306,1265,41.2844004,-72.9576103,0,0,0
1017,1433,41.2844004,-72.9576103,0,0,0
1891,1335,41.2844004,-72.9576103,0,0,0
1862,1248,41.2844004,-72.9576103,0,0,0
1822,1281,41.2844004,-72.9576103,0,0,0
437,1048,41.2844004,-72.9576103,0,0,0
1579,1410,41.2844004,-72.9576103,0,0,0
1079,1303,41.2844004,-72.9576103,0,0,0
1670,1431,41.2844004,-72.9576103,0,0,0
547,1123,41.2844004,-72.9576103,0,0,0
227,1031,41.2844004,-72.9576103,0,0,0
1956,1394,41.2844004,-72.9576103,0,0,0
2279,1325,41.2844004,-72.9576103,0,0,0
46,1464,41.2844004,-72.9576103,0,0,0
1582,1246,41.2844004,-72.9576103,0,0,0
887,1400,41.2844152,-72.9576369,0,0,0
1651,1107,41.2844004,-72.9576103,0,0,0
417,1472,41.2844004,-72.9576103,0,0,0
1718,1458,41.2844004,-72.9576103,0,0,0
651,1385,41.2844004,-72.9576103,0,0,0
1757,1131,41.2844004,-72.9576103,0,0,0
939,1118,41.2844004,-72.9576103,0,0,0
624,1065,41.2844004,-72.9576103,0,0,0
123,1478,41.2844004,-72.9576103,0,0,0
584,1349,41.2844004,-72.9576103,0,0,0
1521,1303,41.2844004,-72.9576103,0,0,0
113,1495,41.2844152,-72.9576369,0,0,0
199,1102,41.2844004,-72.9576103,0,0,0
2119,1260,41.2844004,-72.9576103,0,0,0
1748,1281,41.2844004,-72.9576103,0,0,0
1191,1083,41.2844004,-72.9576103,0,0,0
154,1021,41.2844004,-72.9576103,0,0,0
265,1027,41.2844004,-72.9576103,0,0,0
274,1235,41.2844004,-72.9576103,0,0,0
2137,1436,41.2844004,-72.9576103,0,0,0
1107,1319,41.2844004,-72.9576103,0,0,0
1990,1446,41.308274,-72.9278835,0,0,0
319,1224,41.3130602,-72.9339436,4.1,736,0
1119,1024,41.3050076,-72.9293841,4.2,680,0
2138,1441,41.3163244,-72.9223431,4.5,1800,0
1335,1389,41.3029876,-72.9169419,4.5,7303,2
2148,1033,41.3055995,-72.926884,4.1,1683,0
747,1049,41.3065028,-72.9303923,4.4,1811,1
22,1265,41.3109307,-72.9263462,2.6,5,0
890,1267,41.3115533,-72.9295973,4.3,803,2
332,1288,41.3063812,-72.9288788,4.6,740,0
1251,1097,41.30839,-72.930958,4.8,1882,0
587,1439,41.311893,-72.9309429,4,774,3
1357,1240,41.3037776,-72.9355179,3.4,170,0
75,1334,41.3089105,-72.9330138,4.6,344,0
869,1323,41.3134369,-72.9241294,2.8,5,0
977,1001,41.304827,-72.9359041,3.5,82,0
2246,1365,41.3159749,-72.9212249,4.7,1230,0
1953,1469,41.3069859,-72.9244536,3,23,0
419,1095,41.3055866,-72.927307,4.5,816,2
1801,1470,41.3838782,-72.9026064,0,0,0
19,1171,41.3066515,-72.9307073,4.3,1340,2
1222,1204,41.3114292,-72.9443161,0,0,0
1901,1010,41.3062,-72.9276,4.4,1056,2
2255,1051,41.3117085,-72.9280908,4.3,84,0
792,1377,41.3138713,-72.9129525,4.7,4205,2
524,1047,41.3316093,-72.9226957,4.3,52,0
870,1248,41.3051796,-72.9230789,4.6,80,0
146,1095,41.3043573,-72.9354364,0,0,0
510,1312,41.3043573,-72.9354364,0,0,0
106,1362,41.3043573,-72.9354364,0,0,0
279,1438,41.3043573,-72.9354364,0,0,0
1807,1500,41.3045436,-72.9357954,0,0,0
896,1360,41.3045436,-72.9357954,0,0,0
1403,1344,41.3045436,-72.9357954,0,0,0
207,1488,41.3045436,-72.9357954,0,0,0
709,1171,41.3039882,-72.9350958,0,0,0
1824,1403,41.3167886,-72.9250156,4.7,153,0
1871,1099,41.3115904,-72.9305077,4,106,3
1144,1107,41.2982815,-72.9262518,4.2,99,0
108,1131,41.304215,-72.9317535,2.9,14,0
2176,1386,41.2975671,-72.9266539,3.4,165,0
2033,1197,41.304827,-72.9359041,5,3,0
367,1480,41.3061607,-72.9296587,4.2,826,2
1996,1290,41.3060796,-72.9304171,4.5,2522,2
1780,1356,41.3081574,-72.9261243,4.1,3700,0
784,1322,41.3078875,-72.9305307,4.8,552,0
1738,1338,41.3115411,-72.9288876,4.3,3,0
242,1294,41.3072011,-72.9289587,4.4,1221,2
1898,1298,41.3157119,-72.9275342,0,0,0
598,1247,41.3069859,-72.9244536,0,0,0
1751,1006,41.3156039,-72.9278896,5,3,0
2252,1289,41.3155602,-72.9273604,0,0,0
167,1086,41.3132791,-72.9042522,0,0,0
1798,1271,41.3158861,-72.9183929,4.5,170,0
2147,1298,41.3074532,-72.9240018,0,0,0
409,1279,41.3015319,-72.9357469,4.6,10,0
926,1239,41.3030662,-72.9200592,4.4,2756,2
615,1429,41.2974745,-72.9266831,4.4,38,0
1740,1301,41.3100929,-72.9418703,5,5,0
1845,1097,41.3075256,-72.9296112,4.5,538,4
1301,1417,41.308274,-72.9278835,0,0,0
1431,1389,41.3130602,-72.9339436,4.1,736,0
1315,1162,41.3050076,-72.9293841,4.2,680,0
1657,1449,41.3163244,-72.9223431,4.5,1800,0
506,1255,41.3055995,-72.926884,4.1,1683,0
1473,1274,41.3065028,-72.9303923,4.4,1811,1
1047,1138,41.3109307,-72.9263462,2.6,5,0
1587,1082,41.3115533,-72.9295973,4.3,803,2
1102,1385,41.3063812,-72.9288788,4.6,740,0
1248,1046,41.3037776,-72.9355179,3.4,170,0
1779,1216,41.30839,-72.930958,4.8,1882,0
488,1253,41.311893,-72.9309429,4,774,3
1811,1329,41.3029876,-72.9169419,4.5,7303,2
822,1276,41.304827,-72.9359041,3.5,82,0
1127,1454,41.3089105,-72.9330138,4.6,344,0
1673,1413,41.3114292,-72.9443161,0,0,0
2108,1388,41.3134369,-72.9241294,2.8,5,0
1872,1380,41.3159749,-72.9212249,4.7,1230,0
1426,1031,41.3069859,-72.9244536,3,23,0
964,1125,41.2705484,-72.9469711,0,0,0
1893,1047,41.3055866,-72.927307,4.5,816,2
1618,1461,41.3066515,-72.9307073,4.3,1340,2
117,1306,41.3062,-72.9276,4.4,1056,2
555,1187,41.3117085,-72.9280908,4.3,84,0
92,1468,41.3045436,-72.9357954,0,0,0
1746,1431,41.3045436,-72.9357954,0,0,0
753,1381,41.3045436,-72.9357954,0,0,0
1732,1385,41.3045436,-72.9357954,0,0,0
1794,1242,41.3043573,-72.9354364,0,0,0
380,1089,41.3043573,-72.9354364,0,0,0
143,1268,41.3043573,-72.9354364,0,0,0
1659,1293,41.3043573,-72.9354364,0,0,0
150,1298,41.3039882,-72.9350958,0,0,0
1043,1049,41.3051796,-72.9230789,4.6,80,0
1605,1309,41.304827,-72.9359041,5,3,0
578,1240,41.304215,-72.9317535,2.9,14,0
1632,1460,41.2975671,-72.9266539,3.4,165,0
1183,1452,41.3115904,-72.9305077,4,106,3
2224,1482,41.3167886,-72.9250156,4.7,153,0
350,1458,41.3015319,-72.9357469,4.6,10,0
1415,1123,41.2982815,-72.9262518,4.2,99,0
1471,1030,41.3061607,-72.9296587,4.2,826,2
1037,1421,41.3060796,-72.9304171,4.5,2522,2
2094,1452,41.3078875,-72.9305307,4.8,552,0
2180,1441,41.3081574,-72.9261243,4.1,3700,0
1193,1436,41.3115411,-72.9288876,4.3,3,0
2071,1236,41.3072011,-72.9289587,4.4,1221,2
196,1231,41.3100929,-72.9418703,5,5,0
1773,1405,41.3138713,-72.9129525,4.7,4205,2
2082,1020,41.3157119,-72.9275342,0,0,0
1665,1025,41.2974745,-72.9266831,4.4,38,0
1383,1202,41.3156039,-72.9278896,5,3,0
253,1380,41.3155602,-72.9273604,0,0,0
1797,1040,41.30064,-72.936276,0,0,0
1507,1403,41.3102538,-72.9431532,0,0,0
2124,1065,41.3107249,-72.9422403,0,0,0
2172,1150,41.3031844,-72.933476,0,0,0
714,1114,41.3069859,-72.9244536,0,0,0
2179,1209,41.3074532,-72.9240018,0,0,0
796,1465,41.3222521,-72.9394501,3.7,22,0
1853,1144,41.308274,-72.9278835,0,0,0
1617,1244,41.3130602,-72.9339436,4.1,736,0
1168,1318,41.3050076,-72.9293841,4.2,680,0
459,1083,41.3065028,-72.9303923,4.4,1811,1
1303,1132,41.3055995,-72.926884,4.1,1683,0
165,1077,41.3115533,-72.9295973,4.3,803,2
782,1028,41.3037776,-72.9355179,3.4,170,0
1826,1014,41.3109307,-72.9263462,2.6,5,0
2139,1211,41.30839,-72.930958,4.8,1882,0
1030,1466,41.311893,-72.9309429,4,774,3
400,1093,41.304827,-72.9359041,3.5,82,0
838,1311,41.3114292,-72.9443161,0,0,0
905,1447,41.3063812,-72.9288788,4.6,740,0
531,1047,41.3089105,-72.9330138,4.6,344,0
2169,1081,41.3013936,-72.9614403,2,1,0
720,1340,41.3045436,-72.9357954,0,0,0
1394,1479,41.3045436,-72.9357954,0,0,0
1172,1071,41.3045436,-72.9357954,0,0,0
1006,1297,41.3045436,-72.9357954,0,0,0
1045,1157,41.2705484,-72.9469711,0,0,0
1298,1224,41.3066515,-72.9307073,4.3,1340,2
1792,1178,41.3043573,-72.9354364,0,0,0
1553,1050,41.3043573,-72.9354364,0,0,0
133,1459,41.3043573,-72.9354364,0,0,0
1461,1465,41.3043573,-72.9354364,0,0,0
617,1090,41.3039882,-72.9350958,0,0,0
1317,1004,41.304827,-72.9359041,5,3,0
107,1076,41.3117085,-72.9280908,4.3,84,0
119,1045,41.3015319,-72.9357469,4.6,10,0
1737,1460,41.3115904,-72.9305077,4,106,3
1512,1365,41.304215,-72.9317535,2.9,14,0
1908,1183,41.3055866,-72.927307,4.5,816,2
629,1116,41.3062,-72.9276,4.4,1056,2
1177,1313,41.3132287,-72.9604717,4.5,232,0
254,1005,41.3060796,-72.9304171,4.5,2522,2
248,1377,41.3061607,-72.9296587,4.2,826,2
1770,1045,41.3078875,-72.9305307,4.8,552,0
545,1206,41.3100929,-72.9418703,5,5,0
1639,1290,41.3195152,-72.9725723,4.4,18,0
1679,1399,41.3102538,-72.9431532,0,0,0
451,1438,41.3107249,-72.9422403,0,0,0
1023,1257,41.3115411,-72.9288876,4.3,3,0
800,1447,41.30064,-72.936276,0,0,0
2001,1274,41.3134369,-72.9241294,2.8,5,0
1140,1403,41.3072011,-72.9289587,4.4,1221,2
1300,1210,41.3031844,-72.933476,0,0,0
901,1469,41.3283587,-72.956985,3.6,71,0
1814,1323,41.3222521,-72.9394501,3.7,22,0
1153,1346,41.3045436,-72.9357954,1,1,0
788,1360,41.3045436,-72.9357954,0,0,0
1821,1296,41.3044229,-72.9355663,0,0,0
1520,1404,41.3044229,-72.9355663,0,0,0
1101,1440,41.3044229,-72.9355663,0,0,0
898,1102,41.3045436,-72.9357954,5,1,0
656,1260,41.3182778,-72.948028,2.7,67,2
765,1160,41.3075256,-72.9296112,4.5,538,4
179,1072,41.3044229,-72.9355663,0,0,0
1533,1392,41.3045436,-72.9357954,0,0,0
948,1157,41.307803,-72.930278,4,592,2
702,1395,41.3045436,-72.9357954,5,1,0
41,1179,41.308274,-72.9278835,0,0,0
1696,1380,41.3130602,-72.9339436,4.1,736,0
1899,1341,41.3050076,-72.9293841,4.2,680,0
1371,1384,41.3163244,-72.9223431,4.5,1800,0
2167,1142,41.3055995,-72.926884,4.1,1683,0
2044,1305,41.3029876,-72.9169419,4.5,7303,2
608,1066,41.3065028,-72.9303923,4.4,1811,1
1034,1055,41.3109307,-72.9263462,2.6,5,0
2237,1082,41.3115533,-72.9295973,4.3,803,2
485,1065,41.3063812,-72.9288788,4.6,740,0
498,1348,41.3037776,-72.9355179,3.4,170,0
616,1073,41.30839,-72.930958,4.8,1882,0
1947,1060,41.311893,-72.9309429,4,774,3
166,1098,41.304827,-72.9359041,3.5,82,0
842,1030,41.3089105,-72.9330138,4.6,344,0
468,1269,41.3134369,-72.9241294,2.8,5,0
546,1417,41.3114292,-72.9443161,0,0,0
15,1093,41.2975671,-72.9266539,3.4,165,0
347,1141,41.3159749,-72.9212249,4.7,1230,0
769,1126,41.2705484,-72.9469711,0,0,0
131,1065,41.3069859,-72.9244536,3,23,0
2136,1445,41.3055866,-72.927307,4.5,816,2
595,1005,41.3066515,-72.9307073,4.3,1340,2
1793,1115,41.2982815,-72.9262518,4.2,99,0
315,1217,41.3062,-72.9276,4.4,1056,2
486,1381,41.3117085,-72.9280908,4.3,84,0
439,1390,41.3045436,-72.9357954,0,0,0
882,1112,41.3045436,-72.9357954,0,0,0
2258,1405,41.3045436,-72.9357954,0,0,0
2193,1279,41.3045436,-72.9357954,0,0,0
1709,1176,41.3043573,-72.9354364,0,0,0
322,1263,41.3043573,-72.9354364,0,0,0
1777,1218,41.3043573,-72.9354364,0,0,0
969,1112,41.3043573,-72.9354364,0,0,0
1058,1349,41.3039882,-72.9350958,0,0,0
1653,1189,41.3051796,-72.9230789,4.6,80,0
1270,1488,41.3138713,-72.9129525,4.7,4205,2
2104,1132,41.304827,-72.9359041,5,3,0
2035,1073,41.2974745,-72.9266831,4.4,38,0
607,1021,41.304215,-72.9317535,2.9,14,0
1971,1412,41.3115904,-72.9305077,4,106,3
971,1024,41.3167886,-72.9250156,4.7,153,0
1503,1125,41.3015319,-72.9357469,4.6,10,0
1331,1097,41.3061607,-72.9296587,4.2,826,2
623,1413,41.3060796,-72.9304171,4.5,2522,2
2199,1428,41.29751,-72.926636,3.2,87,0
1379,1156,41.3081574,-72.9261243,4.1,3700,0
144,1251,41.3078875,-72.9305307,4.8,552,0
287,1041,41.2975695,-72.9266142,1,1,0
1230,1349,41.3115411,-72.9288876,4.3,3,0
1186,1318,41.3072011,-72.9289587,4.4,1221,2
391,1413,41.3100929,-72.9418703,5,5,0
862,1226,41.3157119,-72.9275342,0,0,0
2045,1000,41.30064,-72.936276,0,0,0
2040,1093,41.3069859,-72.9244536,0,0,0
1362,1460,41.3156039,-72.9278896,5,3,0
692,1166,41.3155602,-72.9273604,0,0,0
1877,1221,41.3031844,-72.933476,0,0,0
477,1173,41.3102538,-72.9431532,0,0,0
731,1267,41.3074532,-72.9240018,0,0,0
522,1127,41.308274,-72.9278835,0,0,0
2198,1138,41.3317662,-72.9483416,3.7,69,0
592,1410,41.3283587,-72.956985,3.6,71,0
990,1323,41.3316093,-72.9226957,4.3,52,0
1781,1076,41.3222521,-72.9394501,3.7,22,0
2140,1384,41.3182778,-72.948028,2.7,67,2
1074,1198,41.3269434,-72.9603319,4.5,1057,2
1476,1487,41.3114292,-72.9443161,0,0,0
2103,1486,41.3177291,-72.9462486,4.2,19,0
283,1355,41.3181449,-72.9453272,4.5,211,0
2027,1459,41.3186359,-72.9467379,0,0,0
640,1070,41.3157107,-72.9388401,3.1,84,1
775,1033,41.3315015,-72.9468871,4.6,298,0
264,1357,41.3420429,-72.9420467,4.3,8,0
517,1016,41.3281641,-72.9347458,5,8,0
1231,1225,41.3267297,-72.9667879,3.9,67,0
1277,1155,41.3185505,-72.9490789,3,346,1
82,1110,41.3417284,-72.9607872,3.8,18,0
1537,1056,41.3446487,-72.9661505,4.6,762,0
2241,1441,41.3838782,-72.9026064,0,0,0
1778,1078,41.322545,-72.9421788,0,0,0
2265,1035,41.3320868,-72.9487326,4.6,76,0
1225,1421,41.3118441,-72.9492573,5,1,0
2254,1463,41.3274166,-72.960634,4.4,97,0
2192,1393,41.3157097,-72.9412378,3.6,1383,1
1888,1201,41.3427706,-72.9300842,4.4,42,0
467,1236,41.3271994,-72.9658511,4.6,21,0
1338,1230,41.3259129,-72.9580861,5,5,0
2226,1399,41.3195128,-72.9501588,5,4,0
57,1114,41.3248669,-72.9582189,4.3,803,0
757,1086,41.3426049,-72.926777,4.8,60,0
1359,1293,41.3244033,-72.9268465,3,10,0
944,1223,41.3134731,-72.9482311,0,0,0
348,1301,41.3465804,-72.9321778,3.5,57,0
71,1232,41.3405556,-72.9736111,2.3,336,0
428,1184,41.3462694,-72.9342211,4.2,44,0
1198,1273,41.3180552,-72.9472595,4.5,14,0
1203,1239,41.3120876,-72.9490469,3.6,19,1
1683,1375,41.3186153,-72.9467612,5,1,0
192,1376,41.344026,-72.9304391,0,0,0
1027,1399,41.3270574,-72.95964,4.1,118,2
2239,1021,41.3342859,-72.9753937,3.7,65,1
1180,1462,41.3476854,-72.9355446,4.7,53,0
676,1128,41.3149539,-72.9392403,4.1,341,0
1056,1425,41.3145992,-72.9380584,3.6,15,0
893,1278,41.317976,-72.94491,4.7,49,0
2158,1427,41.3406551,-72.9346848,3.9,62,1
326,1470,41.34156,-72.9352933,4.1,842,2
998,1429,41.3473914,-72.9338591,3.4,17,0
1110,1319,41.3296758,-72.9690306,4.3,490,0
142,1108,41.3386893,-72.9346894,3.4,479,1
1981,1500,41.32737,-72.94159,4.3,4,0
245,1184,41.3169428,-72.9419032,3.1,15,0
1834,1290,41.3339148,-72.9736427,2.8,14,0
1875,1443,41.3174846,-72.9455605,4.7,57,0
889,1229,41.3249506,-72.9418771,5,2,0
1165,1162,41.3196235,-72.9471143,5,10,0
1409,1485,41.3402412,-72.9355778,4.4,470,1
576,1458,41.3280431,-72.9519565,0,0,0
1817,1442,41.3390758,-72.9356387,3.4,240,1
1299,1119,41.7658043,-72.6733723,0,0,0
1634,1046,41.764834,-72.6621017,4.3,1092,0
203,1128,41.7635886,-72.6695049,4.4,1668,0
1879,1180,41.7692847,-72.6762242,4,1572,0
390,1005,41.766993,-72.661205,3.8,1162,0
569,1194,41.7851026,-72.6612333,2.8,646,0
848,1355,41.7525359,-72.6802372,2.8,496,0
14,1337,41.7679229,-72.6727393,4.3,684,0
120,1399,41.767097,-72.6766416,4.5,682,3
1593,1484,41.7676907,-72.6728634,4,429,2
1405,1082,41.7667208,-72.6754406,4.4,945,2
738,1393,41.7625953,-72.6808969,4.7,2394,0
1843,1374,41.7688191,-72.6815714,3.9,160,0
612,1010,41.7695347,-72.6652601,4.1,29,0
51,1005,41.7637113,-72.6730855,4.7,1593,0
1726,1362,41.7532352,-72.6541085,4.8,9,0
1014,1153,41.7666206,-72.672762,3.4,41,0
1161,1305,41.762069,-72.67397,4.4,199,0
597,1071,41.7667722,-72.6762495,0,0,0
61,1000,41.7634219,-72.6128339,0,0,0
1547,1192,41.7667722,-72.6762495,4.6,10,0
527,1199,41.7674529,-72.6760612,4.8,59,0
2222,1302,41.766835,-72.6764557,2.1,32,0
1308,1025,41.7667722,-72.6762495,0,0,0
2019,1235,41.7670478,-72.6764377,4,4,0
691,1344,41.7675708,-72.6628768,0,0,0
205,1244,41.7675271,-72.6628127,0,0,0
1146,1297,41.7667546,-72.6766929,0,0,0
1825,1038,41.7668691,-72.6761111,0,0,0
1923,1330,41.7668786,-72.6761806,0,0,0
961,1416,41.7629021,-72.6704094,4.7,1379,4
2063,1259,41.7537027,-72.6816415,3.7,319,0
1676,1232,41.7667964,-72.6761969,0,0,0
472,1010,41.7591993,-72.6843746,4.8,9,0
492,1146,41.7695668,-72.6819507,4.1,610,0
1430,1185,41.7541227,-72.6791793,5,1,0
1556,1306,41.7676819,-72.679495,4.4,1832,2
1561,1372,41.7541227,-72.6791793,4,2,0
433,1136,41.7684415,-72.6769672,4.3,2948,0
741,1457,41.7670463,-72.6759475,0,0,0
553,1003,41.7541227,-72.6791793,5,1,0
1858,1491,41.7545043,-72.6812431,0,0,0
480,1163,41.757155,-72.6779722,3.6,33,0
756,1453,41.7544695,-72.6816584,1,1,0
1530,1205,41.7541227,-72.6791793,1,1,0
1626,1129,41.7541227,-72.6791793,5,1,0
2116,1261,41.7827645,-72.6762778,4.6,16,0
1342,1085,41.7582849,-72.6793967,5,1,0
976,1411,41.757155,-72.6779722,5,1,0
2244,1382,41.7541227,-72.6791793,0,0,0
1848,1249,41.7541227,-72.6791793,0,0,0
1078,1337,41.7545616,-72.6792339,0,0,0
1418,1306,41.7542749,-72.6790075,5,1,0
479,1348,41.7541227,-72.6791793,0,0,0
1699,1055,41.7541227,-72.6791793,0,0,0
7,1041,41.7545616,-72.6792339,5,1,0
2032,1245,41.7551444,-72.6798989,0,0,0
973,1022,41.7545616,-72.6792339,0,0,0
136,1216,41.7541227,-72.6791793,0,0,0
1220,1230,41.7545616,-72.6792339,0,0,0
127,1310,41.7658043,-72.6733723,0,0,0
118,1110,41.7692847,-72.6762242,4,1572,0
2121,1151,41.7984942,-72.7138039,3.9,202,0
285,1362,41.763619,-72.73739,3.1,187,0
17,1435,41.7851026,-72.6612333,2.8,646,0
1113,1021,41.7748755,-72.697782,4.5,94,0
1139,1064,41.7827645,-72.6762778,4.6,16,0
2278,1491,41.79556,-72.718077,4.5,10,0
508,1210,41.7984893,-72.7152365,0,0,0
827,1025,41.809184,-72.710689,4.7,245,0
1716,1011,41.7983217,-72.7156803,4,75,0
1526,1334,41.7670235,-72.7014493,4.6,2542,2
1568,1223,41.807201,-72.7333618,0,0,0
314,1386,41.8190107,-72.7260109,4.8,38,0
583,1170,41.812518,-72.7433257,4,3,1
1354,1444,41.7974945,-72.7350143,4.1,510,0
1571,1482,41.7740238,-72.6985621,5,2,0
1162,1198,41.7688191,-72.6815714,3.9,160,0
1903,1467,41.7804153,-72.73123,4.6,30,0
639,1194,41.7620842,-72.7420151,0,0,0
1984,1434,41.7829596,-72.7307659,5,2,0
1312,1106,41.8314507,-72.7359002,4.4,416,2
1810,1084,41.7994567,-72.7527119,3.7,3,0
2243,1173,41.7975574,-72.7143006,4.6,26,0
2260,1095,41.7943418,-72.7510632,4.2,16,0
1474,1235,41.7962418,-72.7270355,4.6,111,0
2028,1127,41.8311206,-72.73636,4.7,295,2
1267,1205,41.7849027,-72.7454017,3.9,128,0
1202,1433,41.8000553,-72.6943578,3.4,36,0
1715,1381,41.776286,-72.7183001,4.4,775,2
586,1141,41.7998361,-72.713916,4.5,95,0
1802,1453,41.7695668,-72.6819507,4.1,610,0
2041,1425,41.8129281,-72.7440254,4.1,148,0
2062,1491,41.828939,-72.73552,4.5,730,2
2141,1205,41.8162288,-72.7118231,4.1,212,0
2098,1418,41.7922903,-72.7132611,4.3,4,0
470,1022,41.814082,-72.715268,3.8,955,1
272,1030,41.7845316,-72.7482816,4.4,1514,0
619,1194,41.794847,-72.7160323,0,0,0
1372,1363,41.784403,-72.748285,4.6,477,0
556,1479,41.7741739,-72.6982897,1,1,0
1445,1371,41.7863502,-72.7489644,4,608,2
186,1200,41.7996143,-72.6949992,5,1,0
641,1378,41.7867525,-72.7464788,4.2,558,0
1104,1150,41.77475,-72.699509,0,0,0
871,1434,41.7753684,-72.6988846,0,0,0
1206,1026,41.8273466,-72.7268673,3.4,21,0
550,1490,41.7650563,-72.7315611,3.7,11,0
1835,1081,41.7723084,-72.7082844,0,0,0
644,1096,41.7752703,-72.6989163,4,6,0
2232,1169,41.7660919,-72.7100266,4.5,1001,2
1765,1314,41.7727849,-72.6986783,1,1,0
1060,1487,41.7753684,-72.6988846,3.8,8,0
1733,1498,41.7995978,-72.6950627,0,0,0
1628,1172,41.8001107,-72.6946265,0,0,0
1558,1418,41.7996143,-72.6949992,0,0,0
84,1355,41.8001107,-72.6946265,0,0,0
850,1394,41.7995978,-72.6950627,0,0,0
1321,1340,41.77533,-72.698387,0,0,0
8,1451,41.7996143,-72.6949992,0,0,0
1286,1414,41.1792258,-73.1894384,0,0,0
1238,1074,41.1892668,-73.1663065,2.9,271,0
1015,1151,41.1935698,-73.147381,0,0,0
544,1095,41.199431,-73.181101,3.7,506,0
1010,1358,41.1969957,-73.1691042,3.7,34,0
2181,1319,41.1857758,-73.1420898,4.7,789,0
1790,1203,41.1924782,-73.1524656,4.1,24,0
557,1427,41.2038171,-73.1904834,3,970,0
1478,1092,41.1827855,-73.1549981,4.6,169,0
2231,1124,41.1835042,-73.1450944,4.6,184,0
116,1129,41.2055506,-73.1879986,4.8,30,0
435,1310,41.2013626,-73.1849822,3.8,36,0
1506,1111,41.2019869,-73.1894338,4.7,2619,0
894,1334,41.1890895,-73.1657995,0,0,0
101,1209,41.1812712,-73.1691778,5,4,0
708,1352,41.1861133,-73.1612024,3.8,47,0
2229,1348,41.2046232,-73.1625532,4.5,8,0
670,1181,41.182589,-73.1649271,4.4,40,0
1065,1137,41.1858655,-73.1670124,4.4,47,0
323,1173,41.1845415,-73.1331651,0,0,0
831,1477,41.1827563,-73.1610272,0,0,0
818,1277,41.1934071,-73.1449523,4.9,106,0
2200,1240,41.192633,-73.1577137,3.2,21,0
2178,1444,41.1902871,-73.1843265,4.3,3,0
835,1368,41.1936504,-73.1592193,3.5,45,0
1094,1316,41.190339,-73.1549247,4.6,147,0
2257,1189,41.1871977,-73.1802048,0,0,0
993,1199,41.1873232,-73.1802105,5,1,0
2215,1067,41.1891418,-73.1664202,0,0,0
13,1189,41.2049035,-73.1622486,5,4,0
1099,1035,41.1869218,-73.1503583,4.5,609,1
1979,1102,41.1884929,-73.1799482,4.1,24,0
496,1405,41.2014753,-73.1731637,2.3,3,0
1443,1436,41.1941161,-73.1449342,3.5,374,1
880,1462,41.1951887,-73.1421196,2.3,113,2
458,1088,41.1960725,-73.1930149,4.2,103,1
1211,1458,41.1945132,-73.1424525,5,2,0
2,1048,41.1922531,-73.1537763,3,3,0
1400,1465,41.1804872,-73.1704431,3,12,0
528,1155,41.1787378,-73.1707623,3.7,9,0
69,1252,41.2058051,-73.1883403,4.3,382,0
1095,1264,41.1938238,-73.1937219,2.4,61,0
1347,1493,41.1932868,-73.1752353,3.8,16,0
1263,1180,41.1795934,-73.1490974,3,2,0
1224,1062,41.2013373,-73.1907434,0,0,0
2204,1055,41.1827563,-73.1610272,0,0,0
1439,1217,41.1873464,-73.1802003,3.6,11,0
1475,1394,41.1923559,-73.1478887,3.9,7,0
2161,1158,41.1829517,-73.1590607,0,0,0
713,1353,41.1935355,-73.1535281,3.3,65,1
970,1426,41.1865313,-73.1567968,3,2,0
840,1281,41.1933333,-73.1588889,3.7,148,0
633,1086,41.1863221,-73.157444,4.3,108,0
420,1317,41.2057677,-73.1883345,5,1,0
1504,1360,41.1801209,-73.1874015,3.8,258,0
2050,1213,41.1839386,-73.1839773,4.1,25,0
1051,1469,41.1957901,-73.1403726,4.7,654,2
732,1019,41.1998671,-73.1636961,4.3,21,0
4,1140,41.1802727,-73.1725742,5,4,0
1009,1055,41.1876823,-73.1546426,3.9,13,0
1541,1040,41.1792258,-73.1894384,0,0,0
777,1215,41.220562,-73.2423947,4,81,0
277,1447,41.229197,-73.226078,4.5,27,2
1156,1004,41.2295021,-73.2263573,4.3,7026,0
1410,1447,41.2293413,-73.2267736,3,10,0
806,1389,41.2293413,-73.2267736,4,158,1
76,1146,41.229603,-73.2276152,4.3,196,1
859,1221,41.2297757,-73.2273725,3.9,71,2
1970,1238,41.2289982,-73.225741,4.1,73,2
1554,1405,41.2289786,-73.2270753,4.3,37,2
910,1344,41.2288801,-73.2283455,2.7,10,0
511,1460,41.229606,-73.2267236,4.5,4,2
2228,1235,41.2293413,-73.2267736,4.2,44,2
182,1473,41.2295924,-73.2258378,4.6,120,2
929,1442,41.2294814,-73.2257839,3.2,20,2
654,1450,41.2288868,-73.2278655,3.6,31,0
1447,1091,41.2296353,-73.225917,3,112,0
526,1208,41.2293413,-73.2267736,2.2,18,1
147,1227,41.2302016,-73.2264626,4.1,207,1
649,1062,41.1408363,-73.2612615,0,0,0
1212,1120,41.2293532,-73.226474,2.5,46,0
463,1279,41.229719,-73.2258984,3.4,66,0
340,1500,41.2293413,-73.2267736,4.4,18,2
1707,1474,41.2290027,-73.2269349,4.7,686,2
376,1456,41.2149837,-73.2332387,4.1,112,0
920,1499,41.2301381,-73.227355,4.2,1353,2
604,1270,41.2271597,-73.2435414,0,0,0
2030,1013,41.227342,-73.2432929,0,0,0
554,1217,41.2297003,-73.2267077,4.9,189,0
1080,1393,41.2312665,-73.2248381,4.7,1247,0
626,1418,41.219984,-73.218787,4.2,637,0
805,1471,41.2297152,-73.2266856,4.1,52,0
577,1091,41.213023,-73.230783,0,0,0
490,1384,41.2274192,-73.243205,5,19,0
309,1058,41.2273667,-73.2430537,0,0,0
2206,1049,41.2290262,-73.2260818,3,4,0
1884,1146,41.2293532,-73.226474,5,1,0
452,1423,41.2294864,-73.2256284,5,7,0
2264,1252,41.2246866,-73.2207458,4.7,101,0
645,1029,41.2310893,-73.2247674,5,3,0
1480,1420,41.2310893,-73.2247674,0,0,0
77,1467,41.224857,-73.220783,5,69,0
1973,1409,41.2228415,-73.2185467,0,0,0
1244,1419,41.220451,-73.217502,4.1,1199,2
621,1251,41.225936,-73.2189281,3.7,24,0
2061,1248,41.2281973,-73.2265146,3.9,271,2
919,1093,41.224816,-73.220754,4.9,253,0
1572,1296,41.227342,-73.2432929,0,0,0
1072,1243,41.228929,-73.2259857,4.5,64,2
1170,1175,41.227342,-73.2432929,5,449,0
636,1029,41.227342,-73.2432929,0,0,0
1684,1070,41.2278664,-73.2422104,5,567,0
812,1295,41.224569,-73.2202383,3.2,25,0
1752,1113,41.2271597,-73.2435414,5,1,0
2154,1093,41.2269346,-73.2443172,5,4,0
1210,1107,41.224172,-73.2466173,4.2,10,0
369,1029,41.2278664,-73.2422104,5,404,0
1619,1109,41.2274192,-73.2432049,4.4,7,0
829,1295,41.2154137,-73.2329796,4.7,374,0
261,1178,41.2274192,-73.2432036,4.9,171,0
2182,1465,41.308274,-72.9278835,0,0,0
1479,1051,41.2945284,-72.9201974,3,1209,0
2038,1309,41.3050076,-72.9293841,4.2,680,0
892,1279,41.2832425,-72.9302338,4.5,26,0
128,1061,41.3029876,-72.9169419,4.5,7303,2
1782,1213,41.3055995,-72.926884,4.1,1683,0
1053,1271,41.3065028,-72.9303923,4.4,1811,1
1141,1303,41.2975671,-72.9266539,3.4,165,0
1498,1471,41.3063812,-72.9288788,4.6,740,0
647,1080,41.2885066,-72.9293806,3.9,206,0
1664,1369,41.2982815,-72.9262518,4.2,99,0
1999,1009,41.3037776,-72.9355179,3.4,170,0
1744,1284,41.2974745,-72.9266831,4.4,38,0
1337,1299,41.3055866,-72.927307,4.5,816,2
443,1232,41.3069859,-72.9244536,3,23,0
1662,1351,41.3109307,-72.9263462,2.6,5,0
345,1372,41.3051796,-72.9230789,4.6,80,0
1723,1156,41.29751,-72.926636,3.2,87,0
1433,1071,41.3062,-72.9276,4.4,1056,2
2055,1234,41.2705484,-72.9469711,0,0,0
1424,1006,41.2957957,-72.9199735,4.3,7177,0
1256,1272,41.30839,-72.930958,4.8,1882,0
1199,1435,41.2975695,-72.9266142,1,1,0
1907,1046,41.3066515,-72.9307073,4.3,1340,2
313,1243,41.304827,-72.9359041,3.5,82,0
2057,1130,41.28954,-72.92951,4.9,774,0
764,1056,41.2941653,-72.9227095,4.6,219,0
2187,1477,41.2894109,-72.9299339,3.7,14,0
256,1284,41.304215,-72.9317535,2.9,14,0
1755,1130,41.3039882,-72.9350958,0,0,0
1962,1477,41.3015319,-72.9357469,4.6,10,0
687,1462,41.3043573,-72.9354364,0,0,0
1114,1101,41.3043573,-72.9354364,0,0,0
513,1469,41.3043573,-72.9354364,0,0,0
317,1160,41.3043573,-72.9354364,0,0,0
111,1041,41.3061607,-72.9296587,4.2,826,2
1859,1058,41.3060796,-72.9304171,4.5,2522,2
1750,1148,41.3045436,-72.9357954,0,0,0
375,1450,41.3045436,-72.9357954,0,0,0
931,1127,41.3045436,-72.9357954,0,0,0
1133,1114,41.3045436,-72.9357954,0,0,0
925,1017,41.3030662,-72.9200592,4.4,2756,2
1012,1205,41.3081574,-72.9261243,4.1,3700,0
1815,1284,41.3069859,-72.9244536,0,0,0
1158,1207,41.2994219,-72.9264611,1.9,8,0
1968,1013,41.3074532,-72.9240018,0,0,0
502,1371,41.3072011,-72.9289587,4.4,1221,2
2067,1407,41.30064,-72.936276,0,0,0
241,1275,41.3031844,-72.933476,0,0,0
1915,1162,41.304827,-72.9359041,5,3,0
1208,1268,41.3065445,-72.9274178,4.6,67,0
2014,1488,41.2976754,-72.9122326,4.6,36,0
1364,1048,41.3089105,-72.9330138,4.6,344,0
1448,1372,41.3078875,-72.9305307,4.8,552,0
382,1250,41.3036617,-72.9238838,4.5,412,1
1434,1216,41.3045457,-72.9272621,4.1,130,0
957,1461,41.3075256,-72.9296112,4.5,538,4
1509,1438,41.306819,-72.927976,4.5,503,3
258,1349,41.30323,-72.9338699,0,0,0
2133,1285,41.3061448,-72.9267022,0,0,0
1355,1420,41.7658043,-72.6733723,0,0,0
533,1489,41.7525359,-72.6802372,2.8,496,0
1376,1321,41.7625953,-72.6808969,4.7,2394,0
1185,1141,41.7537027,-72.6816415,3.7,319,0
39,1299,41.7473639,-72.6907806,2.5,2,0
2185,1197,41.752427,-72.6814528,3.9,35,0
878,1300,41.7591993,-72.6843746,4.8,9,0
338,1005,41.7541227,-72.6791793,5,1,0
430,1450,41.7544695,-72.6816584,1,1,0
1261,1223,41.7541227,-72.6791793,4,2,0
2008,1176,41.7545043,-72.6812431,0,0,0
67,1498,41.7541227,-72.6791793,5,1,0
354,1478,41.7477163,-72.6905038,4.1,172,0
2005,1414,41.7545043,-72.6812432,0,0,0
1489,1449,41.7541227,-72.6791793,1,1,0
2153,1419,41.7541227,-72.6791793,5,1,0
424,1451,41.7545043,-72.6812432,0,0,0
1436,1214,41.7545529,-72.6820822,5,1,0
1425,1031,41.7541227,-72.6791793,0,0,0
772,1119,41.7620842,-72.7420151,0,0,0
232,1060,41.7545043,-72.6812432,2.8,19,0
1181,1445,41.7545043,-72.6812432,3.5,4,0
787,1218,41.7541227,-72.6791793,0,0,0
659,1102,41.7523969,-72.6813375,3.3,16,0
1020,1217,41.7541227,-72.6791793,0,0,0
2220,1295,41.7541227,-72.6791793,0,0,0
481,1345,41.7545043,-72.6812432,4.9,746,0
1808,1181,41.7541227,-72.6791793,0,0,0
1360,1387,41.7542749,-72.6790075,5,1,0
1407,1476,41.7541227,-72.6791793,5,1,0
1025,1257,41.7541227,-72.6791793,0,0,0
1896,1483,41.7541227,-72.6791793,2.5,2,0
1705,1344,41.7524276,-72.6815433,4.6,9,0
2230,1477,41.7545616,-72.6792339,0,0,0
1691,1237,41.7545043,-72.6812432,4,2,0
421,1097,41.7541227,-72.6791793,0,0,0
1382,1209,41.7541227,-72.6791793,0,0,0
29,1107,41.7541227,-72.6791793,0,0,0
1552,1186,41.7541227,-72.6791793,0,0,0
55,1072,41.7545616,-72.6792339,5,1,0
885,1200,41.7541227,-72.6791793,0,0,0
728,1493,41.7541227,-72.6791793,0,0,0
219,1178,41.7541227,-72.6791793,0,0,0
1257,1179,41.7541227,-72.6791793,0,0,0
220,1483,41.7541227,-72.6791793,0,0,0
1508,1409,41.7541227,-72.6791793,0,0,0
2256,1175,41.7541227,-72.6791793,0,0,0
843,1230,41.7541227,-72.6791793,0,0,0
1201,1374,41.7541227,-72.6791793,0,0,0
2084,1170,41.7541227,-72.6791793,0,0,0
1118,1002,41.7541227,-72.6791793,0,0,0
2004,1096,41.7545616,-72.6792339,0,0,0
1842,1281,41.7541227,-72.6791793,0,0,0
799,1407,41.7541227,-72.6791793,0,0,0
418,1237,41.7541227,-72.6791793,0,0,0
1223,1424,41.7541227,-72.6791793,0,0,0
1001,1267,41.7541228,-72.6791792,0,0,0
83,1255,41.7541227,-72.6791793,5,1,0
501,1100,41.7541227,-72.6791793,0,0,0
1636,1037,41.7541227,-72.6791793,0,0,0
364,1328,41.1792258,-73.1894384,0,0,0
2272,1035,41.1750046,-73.1856273,4.4,1379,0
1280,1232,41.1648051,-73.1906535,4.4,106,0
1688,1341,41.1732434,-73.1870019,4.4,1486,0
903,1221,41.1750193,-73.1856191,4.6,5,0
918,1245,41.1778742,-73.1871267,4,167,0
1523,1300,41.1753853,-73.1913907,4.1,84,0
135,1413,41.1786255,-73.193584,3.2,28,0
1648,1118,41.1784668,-73.1937404,0,0,0
1402,1119,41.1758785,-73.1923241,3.4,26,0
2017,1308,41.1756672,-73.1886161,4.6,1071,2
864,1439,41.1774102,-73.1891489,3.4,45,0
1769,1330,41.1784864,-73.1937546,2.7,10,0
1524,1033,41.1763128,-73.1878775,3.1,41,0
875,1046,41.1788467,-73.1898474,1.9,31,0
1149,1368,41.1784668,-73.1937404,0,0,0
1680,1406,41.1784668,-73.1937405,0,0,0
23,1403,41.1744542,-73.1912881,4.2,17,0
394,1005,41.1784705,-73.1937677,0,0,0
184,1096,41.1845415,-73.1331651,0,0,0
967,1445,41.1748097,-73.1916143,3,2,0
2207,1119,41.1615971,-73.1881069,4.5,4330,0
1985,1318,41.1744542,-73.1912881,0,0,0
1344,1273,41.1772136,-73.1884192,3.7,65,1
674,1062,41.1784087,-73.1920222,4.8,219,0
590,1317,41.1755952,-73.1887718,0,0,0
327,1364,41.1763012,-73.1923942,3.4,5,0
2164,1309,41.1779542,-73.1935483,0,0,0
1105,1169,41.1726952,-73.1916734,2.9,32,0
495,1422,41.1736689,-73.1962587,2,4,0
1368,1250,41.171359,-73.1974178,0,0,0
1749,1316,41.1805114,-73.1928634,4,59,0
1325,1411,41.175643,-73.1885472,0,0,0
450,1295,41.1761448,-73.1902847,0,0,0
956,1359,41.1738827,-73.192623,4.6,1435,0
789,1323,41.1746589,-73.2020434,4.5,413,0
703,1355,41.17133,-73.1974232,0,0,0
412,1437,41.1801209,-73.1874015,3.8,258,0
2127,1042,41.1763128,-73.1878775,0,0,0
410,1018,41.1767583,-73.1975333,0,0,0
385,1110,41.1713299,-73.1974232,3.7,9,0
1353,1345,41.179369,-73.1923152,2.3,3,0
723,1495,41.176206,-73.192334,0,0,0
523,1435,41.1816184,-73.1925486,1.6,113,0
1928,1395,41.17133,-73.1974232,0,0,0
579,1358,41.1804241,-73.1929879,0,0,0
65,1121,41.166311,-73.2025639,4.6,173,0
778,1489,41.1761241,-73.1886918,3.5,2,0
824,1374,41.1780138,-73.1935884,4.5,420,3
846,1266,41.1714734,-73.2030585,4.9,84,0
2214,1418,41.1746501,-73.1975906,4.6,112,0
2211,1223,41.1778635,-73.1872434,0,0,0
329,1277,41.1763128,-73.1878775,0,0,0
325,1124,41.1762369,-73.1923878,5,2,0
1540,1451,41.17954,-73.192121,5,2,0
1867,1030,41.1756635,-73.1881552,4.4,120,0
197,1133,41.1783136,-73.1913984,0,0,0
798,1273,41.1654608,-73.2091656,0,0,0
1789,1345,41.168569,-73.1883414,5,26,0
102,1065,41.171748,-73.1966156,4.1,15,0
984,1426,41.7658043,-72.6733723,0,0,0
1580,1289,41.7692847,-72.6762242,4,1572,0
1336,1200,41.7984942,-72.7138039,3.9,202,0
294,1378,41.7851026,-72.6612333,2.8,646,0
1000,1302,41.763619,-72.73739,3.1,187,0
668,1107,41.7748755,-72.697782,4.5,94,0
91,1058,41.7827645,-72.6762778,4.6,16,0
1998,1411,41.79556,-72.718077,4.5,10,0
1414,1377,41.7984893,-72.7152365,0,0,0
1713,1487,41.809184,-72.710689,4.7,245,0
216,1160,41.7983217,-72.7156803,4,75,0
1938,1075,41.7670235,-72.7014493,4.6,2542,2
414,1424,41.807201,-72.7333618,0,0,0
979,1155,41.8190107,-72.7260109,4.8,38,0
1013,1064,41.812518,-72.7433257,4,3,1
103,1383,41.7974945,-72.7350143,4.1,510,0
1727,1148,41.7740238,-72.6985621,5,2,0
1501,1014,41.7688191,-72.6815714,3.9,160,0
2212,1440,41.7804153,-72.73123,4.6,30,0
895,1291,41.7620842,-72.7420151,0,0,0
247,1335,41.7829596,-72.7307659,5,2,0
530,1079,41.7994567,-72.7527119,3.7,3,0
1126,1285,41.7975574,-72.7143006,4.6,26,0
795,1018,41.8314507,-72.7359002,4.4,416,2
191,1053,41.7943418,-72.7510632,4.2,16,0
1753,1152,41.7962418,-72.7270355,4.6,111,0
1693,1006,41.8311206,-72.73636,4.7,295,2
1585,1011,41.7849027,-72.7454017,3.9,128,0
1944,1480,41.8000553,-72.6943578,3.4,36,0
980,1079,41.7695668,-72.6819507,4.1,610,0
816,1042,41.776286,-72.7183001,4.4,775,2
1184,1027,41.7998361,-72.713916,4.5,95,0
140,1161,41.8129281,-72.7440254,4.1,148,0
1563,1462,41.8162288,-72.7118231,4.1,212,0
1477,1059,41.828939,-72.73552,4.5,730,2
229,1367,41.7922903,-72.7132611,4.3,4,0
936,1289,41.814082,-72.715268,3.8,955,1
275,1049,41.7845316,-72.7482816,4.4,1514,0
1608,1220,41.794847,-72.7160323,0,0,0
914,1391,41.784403,-72.748285,4.6,477,0
1457,1463,41.7741739,-72.6982897,1,1,0
1941,1405,41.7863502,-72.7489644,4,608,2
872,1236,41.7996143,-72.6949992,5,1,0
1650,1013,41.7867525,-72.7464788,4.2,558,0
1812,1009,41.77475,-72.699509,0,0,0
1265,1334,41.7753684,-72.6988846,0,0,0
761,1254,41.8273466,-72.7268673,3.4,21,0
442,1489,41.7650563,-72.7315611,3.7,11,0
160,1061,41.7723084,-72.7082844,0,0,0
374,1172,41.7752703,-72.6989163,4,6,0
1955,1025,41.7660919,-72.7100266,4.5,1001,2
1992,1127,41.7727849,-72.6986783,1,1,0
209,1287,41.7753684,-72.6988846,3.8,8,0
1290,1267,41.7676819,-72.679495,4.4,1832,2
2075,1272,41.7995978,-72.6950627,0,0,0
384,1018,41.8001107,-72.6946265,0,0,0
1182,1335,41.7996143,-72.6949992,0,0,0
1143,1278,41.77533,-72.698387,0,0,0
85,1449,41.8001107,-72.6946265,0,0,0
1500,1455,41.7749634,-72.6984118,0,0,0
88,1245,41.7759301,-72.5215009,0,0,0
773,1450,41.7621341,-72.5619413,4.2,104,0
1766,1409,41.7846001,-72.5516241,4.1,35,0
466,1453,41.7819971,-72.5255243,0,0,0
358,1141,41.781853,-72.5259125,4,783,0
688,1097,41.7815925,-72.5238329,1.9,24,0
429,1214,41.7679782,-72.5703863,4.2,612,1
9,1420,41.7688006,-72.6056995,4.2,453,0
801,1196,41.7814567,-72.5256039,2.3,3,0
372,1069,41.7547461,-72.6049089,3,22,0
1269,1337,41.7675262,-72.5676306,4.1,1033,2
858,1140,41.7687893,-72.6029259,4.3,456,1
1427,1285,41.7818796,-72.525557,0,0,0
404,1088,41.7814452,-72.525646,0,0,0
2156,1126,41.7818797,-72.5255569,0,0,0
1022,1301,41.7814452,-72.525646,0,0,0
1531,1471,41.7815772,-72.5260287,0,0,0
839,1159,41.7814452,-72.525646,0,0,0
1217,1037,41.7814452,-72.525646,0,0,0
449,1167,41.7634219,-72.6128339,0,0,0
2077,1367,41.7815772,-72.5260287,0,0,0
1633,1185,41.7815772,-72.5260287,0,0,0
2275,1290,41.7815772,-72.5260287,0,0,0
1026,1191,41.7814452,-72.525646,0,0,0
270,1034,41.7818795,-72.5255571,0,0,0
1729,1103,41.7814452,-72.525646,0,0,0
1763,1232,41.7815772,-72.5260287,0,0,0
1760,1157,41.7815772,-72.5260287,0,0,0
1164,1074,41.7815772,-72.5260287,0,0,0
2177,1014,41.7815772,-72.5260287,0,0,0
2024,1404,41.7815772,-72.5260287,0,0,0
1189,1427,41.7819971,-72.5255243,0,0,0
690,1389,41.7815772,-72.5260287,0,0,0
399,1316,41.7815772,-72.5260287,0,0,0
952,1153,41.7815772,-72.5260287,5,1,0
790,1118,41.7815772,-72.5260287,0,0,0
1989,1051,41.7815772,-72.5260287,0,0,0
1513,1202,41.7815772,-72.5260287,0,0,0
813,1116,41.7815772,-72.5260287,0,0,0
2145,1363,41.7815772,-72.5260287,0,0,0
1847,1073,41.7815772,-72.5260287,0,0,0
2093,1008,41.7815772,-72.5260287,4,1,0
295,1485,41.7815772,-72.5260287,0,0,0
594,1103,41.7815772,-72.5260287,0,0,0
715,1177,41.7818795,-72.5255571,0,0,0
760,1341,41.7815772,-72.5260287,0,0,0
226,1271,41.7815772,-72.5260287,0,0,0
1588,1456,41.7815772,-72.5260287,0,0,0
181,1261,41.7815772,-72.5260287,0,0,0
1927,1299,41.7815772,-72.5260287,0,0,0
1652,1455,41.7815772,-72.5260287,0,0,0
440,1284,41.7815772,-72.5260287,0,0,0
1805,1492,41.7815772,-72.5260287,0,0,0
301,1275,41.781943,-72.5254741,0,0,0
52,1416,41.7814452,-72.525646,0,0,0
605,1152,41.7819971,-72.5255243,5,2,0
2083,1052,41.7814452,-72.525646,0,0,0
448,1274,41.7814452,-72.525646,0,0,0
1982,1311,41.7814452,-72.525646,0,0,0
1395,1313,41.7814452,-72.525646,0,0,0
153,1016,41.8122401,-71.8334145,0,0,0
42,1031,41.8393315,-71.884593,4.2,217,2
491,1460,41.815649,-71.882447,4.6,393,0
1386,1432,41.8421034,-71.8809267,4.2,790,2
571,1069,41.862209,-71.890979,3.4,135,1
2100,1123,41.8408986,-71.8744971,4.5,793,1
38,1491,41.8261979,-71.8902464,4.1,32,0
704,1041,41.8405465,-71.8848387,4.2,142,1
79,1027,41.8398913,-71.8805295,4.2,965,1
1117,1171,41.8069101,-71.8823506,2.2,13,0
1846,1180,41.8402263,-71.8767974,4,145,1
198,1175,41.8047943,-71.8818409,3.5,6,0
2065,1241,41.8006451,-71.9006541,3.9,86,1
737,1353,41.8683376,-71.8926341,4.2,312,0
1122,1470,41.79687,-71.917672,4.5,65,0
1762,1490,41.825226,-71.889948,3,2,0
2223,1260,41.8260749,-71.8900225,3.9,9,0
833,1043,41.8405803,-71.9113854,4,2,0
868,1175,41.793033,-71.8838544,4.3,804,0
1384,1257,41.7881236,-71.9497216,0,0,0
1057,1393,41.81902,-71.894179,2.9,62,0
1890,1044,41.8600185,-71.8733885,2,4,0
1361,1202,41.8073686,-71.8791566,1,1,0
1555,1174,41.8425404,-71.8819705,4.2,1116,2
1096,1100,41.8073686,-71.8791566,3,4,0
776,1254,41.8004688,-71.9018322,4.4,438,1
965,1468,41.7966091,-71.8807718,4.3,38,0
1735,1088,41.8402822,-71.8826202,3.3,697,1
1194,1293,41.8410147,-71.874365,4.1,36,1
1408,1349,41.7966149,-71.8807637,5,3,0
453,1375,41.789318,-71.8838577,5,15,0
1416,1120,41.8392822,-71.884113,3.2,15,0
45,1122,41.8006268,-71.9008364,3.4,31,0
2269,1387,41.8630308,-71.9071586,2,296,0
860,1160,41.8477179,-71.9043513,5,5,0
2106,1496,41.7958234,-71.8805996,3,28,0
1404,1415,41.788087,-71.8657487,4.6,376,0
1151,1492,41.8260067,-71.8883866,3.4,7,0
426,1327,41.843967,-71.881159,4.7,26,0
1671,1080,41.8272374,-71.8894836,0,0,0
243,1014,41.862799,-71.907218,3,2,0
1747,1223,41.8384056,-71.9101181,5,1,0
1288,1102,41.805453,-71.88017,4.2,68,0
560,1441,41.86762,-71.904738,5,2,0
2189,1255,41.8244221,-71.8764726,5,5,0
93,1269,41.8217708,-71.8912718,4.5,20,0
223,1217,41.834787,-71.877902,4.8,9,0
1697,1340,41.8158914,-71.8834715,3.8,30,0
1931,1287,41.8063907,-71.8834959,4,6,0
1155,1483,41.8387897,-71.8747819,4.6,60,2
1245,1005,41.8054277,-71.8846849,4.6,17,0
1390,1479,41.8410618,-71.8774166,0,0,1
908,1217,41.8073686,-71.8791566,3,15,0
503,1245,41.8394127,-71.8848515,3.5,126,2
1123,1097,41.8327239,-71.8953473,5,1,0
1550,1172,41.7989845,-71.8979949,4.8,14,0
512,1204,41.8038409,-71.8776934,3,1,0
2259,1153,41.8426162,-71.9112261,5,2,0
746,1063,41.8050231,-71.8853955,3,2,0
1536,1143,41.8029384,-71.8852498,5,8,0
725,1004,41.7658043,-72.6733723,0,0,0
35,1154,41.7692847,-72.6762242,4,1572,0
960,1480,41.7635886,-72.6695049,4.4,1668,0
1459,1328,41.7679229,-72.6727393,4.3,684,0
1833,1445,41.767097,-72.6766416,4.5,682,3
1049,1410,41.7676907,-72.6728634,4,429,2
783,1479,41.7525359,-72.6802372,2.8,496,0
2053,1080,41.7667208,-72.6754406,4.4,945,2
2170,1404,41.7688191,-72.6815714,3.9,160,0
40,1435,41.7625953,-72.6808969,4.7,2394,0
1678,1047,41.7748755,-72.697782,4.5,94,0
201,1358,41.7670235,-72.7014493,4.6,2542,2
20,1060,41.7637113,-72.6730855,4.7,1593,0
814,1343,41.7666206,-72.672762,3.4,41,0
1350,1241,41.7667722,-72.6762495,0,0,0
628,1138,41.7667722,-72.6762495,4.6,10,0
606,1467,41.7674529,-72.6760612,4.8,59,0
1675,1493,41.766835,-72.6764557,2.1,32,0
673,1138,41.762069,-72.67397,4.4,199,0
221,1263,41.7620842,-72.7420151,0,0,0
911,1265,41.7667722,-72.6762495,0,0,0
1157,1289,41.7670478,-72.6764377,4,4,0
1519,1105,41.7827645,-72.6762778,4.6,16,0
650,1217,41.7591993,-72.6843746,4.8,9,0
2105,1100,41.7667546,-72.6766929,0,0,0
599,1324,41.7668786,-72.6761806,0,0,0
958,1248,41.7668691,-72.6761111,0,0,0
2115,1375,41.7667964,-72.6761969,0,0,0
1278,1039,41.7695668,-72.6819507,4.1,610,0
377,1036,41.7676819,-72.679495,4.4,1832,2
2146,1197,41.7537027,-72.6816415,3.7,319,0
2234,1278,41.7684415,-72.6769672,4.3,2948,0
509,1104,41.7740238,-72.6985621,5,2,0
855,1399,41.7670463,-72.6759475,0,0,0
1796,1027,41.7582849,-72.6793967,5,1,0
2000,1025,41.7544695,-72.6816584,1,1,0
164,1076,41.7545043,-72.6812431,0,0,0
2085,1123,41.7545529,-72.6820822,5,1,0
1178,1134,41.7678325,-72.672893,0,0,0
679,1210,41.757155,-72.6779722,3.6,33,0
559,1002,41.7678756,-72.672665,0,0,0
1465,1251,41.7545043,-72.6812432,0,0,0
2059,1048,41.7684972,-72.678005,4.2,901,2
1393,1474,41.757155,-72.6779722,5,1,0
937,1247,41.7678756,-72.672665,0,0,0
1604,1172,41.7545043,-72.6812432,0,0,0
1442,1310,41.7629021,-72.6704094,4.7,1379,4
244,1466,41.7545043,-72.6812432,2.8,19,0
169,1367,41.7544767,-72.6820975,0,0,0
109,1267,41.7545043,-72.6812432,3.5,4,0
648,1002,41.7544767,-72.6820975,5,69,0
1192,1100,41.7544767,-72.6820975,5,304,0
2117,1113,41.7544767,-72.6820975,0,0,0
445,1127,41.7544767,-72.6820975,0,0,0
176,1010,41.7544767,-72.6820975,4.9,178,0
215,1487,41.7544767,-72.6820975,4.8,236,0
1857,1312,41.7545043,-72.6812432,4.9,746,0
1892,1482,41.7544747,-72.6821887,0,0,0
1494,1437,41.7545407,-72.6816878,0,0,0
1276,1363,41.7544767,-72.6820975,4.9,222,0
94,1261,41.4022081,-72.4824991,0,0,0
2213,1075,41.4229825,-72.4284143,4.7,3111,0
351,1217,41.4058995,-72.4525484,4.7,147,0
1089,1494,41.4516924,-72.4644041,4.4,55,0
884,1393,41.4028015,-72.4502475,4.4,255,3
1930,1497,41.3977293,-72.3907331,0,0,0
915,1423,41.3910925,-72.437931,3.8,25,1
2037,1423,41.4203164,-72.4282245,4.8,81,0
811,1496,41.3940498,-72.4272478,4.5,128,0
600,1130,41.453257,-72.432726,4.6,57,0
403,1342,41.4031585,-72.4503918,0,0,0
1904,1441,41.457921,-72.425856,4,4,0
1566,1107,41.4031585,-72.4503918,0,0,0
722,1027,41.3975252,-72.4328617,2.8,4,0
2095,1082,41.3860099,-72.4356601,5,6,0
1145,1057,41.4223993,-72.3998741,4.6,164,2
441,1291,41.4201299,-72.4451559,0,0,0
302,1239,41.408139,-72.4402065,0,0,0
208,1123,41.4355117,-72.4134882,4.8,59,0
680,1279,41.5034351,-72.4757767,0,0,0
1613,1183,41.4127959,-72.4435704,4.3,105,0
271,1085,41.4027888,-72.4405509,5,1,0
493,1093,41.406964,-72.38863,0,0,0
726,1416,41.4041011,-72.4512748,0,0,0
689,1475,41.422889,-72.3983656,0,0,0
678,1239,41.4201299,-72.4451559,0,0,0
1734,1290,41.4075306,-72.3850337,0,0,0
1761,1016,41.4201299,-72.4451559,3.7,3,0
1863,1212,41.4227087,-72.40033,0,0,0
456,1394,41.4196462,-72.4276185,5,1,0
1124,1216,41.4315649,-72.4055407,5,2,0
1921,1351,41.4144135,-72.4464044,5,1,0
2072,1213,41.4221625,-72.398128,0,0,0
1221,1308,41.4203237,-72.4390747,0,0,0
1818,1151,41.4187561,-72.4442329,4,1,0
1237,1046,41.4212112,-72.4106445,4.7,7,0
2090,1227,41.4258609,-72.4066706,5,4,0
1609,1389,41.4316503,-72.4066351,5,9,0
1152,1274,41.435087,-72.41573,0,0,0
786,1293,41.431158,-72.426565,0,0,0
1883,1127,41.4201299,-72.4451559,0,0,0
1255,1368,41.4314132,-72.4290199,5,1,0
1682,1158,41.4224524,-72.3998484,4.7,3,0
986,1280,41.439615,-72.432931,3.2,13,0
867,1364,41.452976,-72.4117289,5,6,0
225,1492,41.425779,-72.4485957,0,0,0
238,1087,41.4201299,-72.4451559,0,0,0
684,1199,41.42013,-72.445156,3.8,4,0
396,1492,41.4057861,-72.4316802,0,0,0
1646,1087,41.4114944,-72.4404065,4.6,414,1
879,1222,41.4454306,-72.4351375,4.9,14,0
1453,1413,41.4058505,-72.4506743,5,1,0
1851,1297,41.4151359,-72.4517364,0,0,0
519,1218,41.3986719,-72.4113188,4.2,5,0
683,1462,41.3844479,-72.4355235,3.3,16,2
2130,1347,41.3994727,-72.441472,0,0,0
1021,1081,41.4026631,-72.4499628,0,0,0
1942,1019,41.4153164,-72.3754358,0,0,0
432,1166,41.4021913,-72.4474603,5,2,0
1880,1462,41.4040832,-72.4490826,4.8,19,0
335,1153,41.6717648,-72.9492703,0,0,0
1614,1341,41.6535232,-72.9126227,4.4,1016,0
1093,1188,41.6087404,-72.8998178,4.2,430,0
1411,1305,41.6318889,-72.87045,3.9,415,0
1823,1109,41.6342356,-72.8723688,3.1,1044,0
2281,1187,41.6409674,-72.9195008,4.3,5515,0
922,1117,41.6359267,-72.8726477,4.4,83,0
987,1108,41.6292544,-72.8723506,3.5,433,0
564,1043,41.6280997,-72.8743694,4.2,1457,2
1258,1417,41.6289603,-72.8749478,4.8,76,0
1120,1278,41.6178927,-72.9002362,4.5,708,0
1464,1261,41.6065469,-72.9048859,3.5,32,0
1116,1247,41.6112499,-72.9012749,4.3,476,2
1661,1400,41.6263142,-72.8741645,3.9,144,0
1932,1466,41.6691836,-72.944241,0,0,0
89,1150,41.6376827,-72.877763,4.3,24,0
1895,1422,41.641249,-72.8744709,1.9,32,0
1340,1075,41.6490184,-72.9026395,4.1,123,0
1934,1485,41.6300985,-72.8791216,4.2,1128,0
721,1086,41.5964869,-72.8776013,0,0,0
483,1058,41.6497859,-72.8713623,3.1,23,0
646,1399,41.6373367,-72.8734574,4.3,566,0
1514,1273,41.611711,-72.9040149,4.2,941,1
1419,1168,41.607003,-72.900504,4.1,465,2
342,1187,41.6394663,-72.8711548,4.6,3158,0
68,1259,41.6611609,-72.919172,4.1,56,1
487,1441,41.637718,-72.8690865,4.1,570,1
1791,1272,41.635741,-72.87261,3.6,38,1
2113,1148,41.6323189,-72.8792077,4.6,8,0
1377,1006,41.6548124,-72.9110817,5,3,0
1084,1242,41.628987,-72.8794922,4.5,242,0
1917,1480,41.667868,-72.9189797,3.5,249,0
743,1472,41.6079852,-72.8993325,4,57,1
1584,1489,41.6322119,-72.8996836,3.4,2732,3
269,1272,41.6355484,-72.8749478,4,659,2
1485,1228,41.6608438,-72.9200792,5,1,0
333,1059,41.6233079,-72.8734932,3.9,79,1
2006,1074,41.6234985,-72.8697521,4,2302,1
1460,1312,41.6113679,-72.9018066,4.7,7,0
1326,1450,41.6588463,-72.9171379,4.3,129,0
405,1441,41.672447,-72.9125664,3.4,21,0
1788,1248,41.6320771,-72.8779765,4.4,94,0
716,1470,41.6714279,-72.94336,5,2,0
300,1421,41.6393565,-72.8733694,4.4,2095,2
1187,1239,41.6769308,-72.9365776,4,2,0
671,1024,41.6524795,-72.8705634,3.7,39,0
593,1194,41.6723868,-72.8940164,4.8,100,0
1088,1075,41.6715579,-72.9059536,4.6,1204,0
978,1045,41.6709561,-72.9394687,4.6,394,0
1586,1060,41.6373748,-72.8751344,4.1,624,2
1456,1314,41.6728855,-72.9284698,4.1,23,0
711,1202,41.6388021,-72.8748233,4.1,566,2
1491,1078,41.6466271,-72.8726979,4.5,534,2
643,1262,41.6227819,-72.8736518,3.9,145,0
582,1006,41.6358897,-72.8749405,3.9,338,1
601,1163,41.6406965,-72.8725863,4.2,482,1
712,1341,41.6659093,-72.9228151,4.5,1050,1
70,1333,41.6112499,-72.9012749,4.5,6,2
1388,1381,41.6775662,-72.9142998,4.8,336,0
1783,1492,41.6699309,-72.9458287,4.2,60,0
1943,1018,41.3358915,-71.9058854,0,0,0
1517,1197,41.3717152,-71.9536998,4.1,1376,0
1534,1481,41.3710961,-71.9599762,4.2,575,0
1528,1006,41.3544391,-71.9674611,4.6,318,0
588,1437,41.3736695,-71.9613902,3.7,806,0
2166,1297,41.3782151,-71.9551304,3.6,684,0
1240,1258,41.3793501,-71.9580888,3.4,789,0
2021,1388,41.3774325,-71.9585844,4.3,758,0
320,1391,41.3775473,-71.9565871,4.1,550,0
2031,1080,41.3480354,-71.9561642,4.5,257,0
1297,1063,41.3599682,-71.9636479,4.6,3779,0
1467,1372,41.3733894,-71.9526649,4.4,13335,0
638,1342,41.3508911,-71.9595642,4.1,713,0
1349,1272,41.3736292,-71.9577254,4.6,5068,0
2022,1400,41.3718773,-71.9584469,4.2,518,0
11,1093,41.3776296,-71.9572996,3,16,0
392,1223,41.37312,-71.9616489,3.4,328,0
1305,1337,41.3990182,-71.9539011,4.6,557,0
1993,1417,41.354434,-71.9693223,4.7,128,0
474,1000,41.3497456,-72.0790717,0,0,0
1365,1021,41.3509778,-71.9721333,4.5,1277,2
1708,1290,41.3730087,-71.955923,4.7,3,0
999,1346,41.3732173,-71.9574269,4.7,80,0
2282,1109,41.3730087,-71.955923,0,0,0
206,1447,41.3791515,-71.9560473,4.3,96,1
817,1162,41.3733651,-71.9575693,5,4,0
989,1227,41.350949,-71.959576,3.9,420,2
461,1417,41.3676979,-71.9401245,4.5,10,0
1776,1320,41.3509248,-71.9631688,4.6,16,0
2160,1415,41.345475,-71.958233,4.3,112,0
916,1236,41.353144,-71.9712086,4.4,152,0
1874,1485,41.3729361,-71.9595587,3.9,1513,3
383,1028,41.3732667,-71.9531564,0,0,0
316,1334,41.3934145,-71.9617565,4.5,806,2
284,1246,41.3910571,-71.95986,4.9,17,0
666,1360,41.343465,-71.9476827,4.4,1017,2
622,1239,41.3709857,-71.9568603,0,0,0
1813,1309,41.3729825,-71.9560175,0,0,0
28,1074,41.3545985,-71.9671067,4.5,487,0
1028,1463,41.3528444,-71.9719472,4.6,940,3
87,1187,41.355084,-71.9671059,4.3,450,2
299,1472,41.3932688,-71.9619241,0,0,0
239,1042,41.354318,-71.970581,4.8,146,0
2074,1396,41.3763847,-71.952713,4.3,236,0
847,1249,41.3708726,-71.9568356,4.4,405,0
2126,1217,41.3507312,-71.9558911,4.9,7,0
779,1035,41.3663065,-71.8938595,5,2,0
2012,1450,41.354592,-71.970047,4.5,37,0
204,1258,41.3414095,-71.9401142,0,0,0
507,1012,41.3731312,-71.9576968,4.3,615,1
1758,1104,41.344295,-71.9516794,4.9,21,0
1380,1374,41.3735563,-71.9559924,4.7,78,0
1603,1258,41.3488272,-71.9579932,3.8,46,1
2209,1192,41.377479,-71.958943,0,0,0
173,1346,41.3709801,-71.9569107,4.2,5,0
66,1281,41.3729081,-71.9566311,2,4,0
455,1265,41.3563753,-71.9625438,4.5,2,0
904,1116,41.3508527,-71.9619459,4.9,67,0
125,1076,41.3521285,-71.9649258,0,0,0
36,1002,41.3774236,-71.9560993,0,0,0
183,1090,41.2306979,-73.064036,0,0,0
1827,1411,41.2111908,-73.0920517,4.3,273,0
1869,1061,41.2232085,-73.0770867,3.8,824,0
1599,1311,41.2127593,-73.0904508,3.5,731,0
457,1233,41.2311545,-73.0298801,4,664,0
1736,1102,41.2118547,-73.0907482,4,695,0
5,1499,41.2330862,-73.0260426,4,813,0
1866,1243,41.2126381,-73.0857013,3.8,24,0
1310,1138,41.2314866,-73.0463287,2.7,294,0
682,1273,41.2357209,-73.0356117,4.4,19,2
697,1220,41.2351777,-73.0371841,4.8,799,2
298,1338,41.2360074,-73.0355201,4.3,6999,0
826,1248,41.2348423,-73.0371839,3.7,47,2
1551,1288,41.234824,-73.0369504,4.3,111,2
33,1373,41.2351357,-73.0378255,4,1341,2
736,1065,41.2355864,-73.0366258,4.1,88,2
1911,1388,41.235813,-73.03609,4.3,92,2
1469,1117,41.2356263,-73.0356486,4.3,22,2
1577,1075,41.2287369,-73.0691299,4.5,1809,0
2068,1046,41.1845415,-73.1331651,0,0,0
357,1413,41.2360454,-73.0357313,3.7,9,1
1205,1148,41.2369515,-73.0342675,2.9,33,0
1134,1208,41.2192589,-73.0128241,2.9,11,0
565,1060,41.2360271,-73.0355805,4.2,87,1
1218,1082,41.2276746,-73.0490097,3.1,54,0
1329,1325,41.20405,-73.0884068,3.9,10,0
214,1277,41.23453,-73.03789,3.1,51,2
1423,1313,41.2060753,-73.0860701,3.8,552,0
1804,1429,41.221337,-73.056141,0,0,0
290,1033,41.234657,-73.037679,4.4,1727,0
752,1147,41.2064212,-73.0885492,2.7,36,2
762,1080,41.2256812,-73.0795573,4.9,220,0
1077,1150,41.2137178,-73.0777614,4.4,1154,0
1703,1134,41.2230267,-73.0558634,4.4,1269,2
701,1323,41.2246104,-73.0583516,5,1,0
266,1206,41.2246104,-73.0583516,0,0,0
398,1130,41.2235985,-73.0571283,0,0,0
138,1143,41.2246104,-73.0583516,0,0,0
2235,1032,41.2144845,-73.0735935,0,0,0
1128,1120,41.2162173,-73.0917774,4.3,163,0
2173,1476,41.2243641,-73.0708207,0,0,0
1283,1287,41.2252414,-73.070796,4.2,92,1
1677,1499,41.2075508,-73.0883607,4.4,1432,0
1929,1411,41.2106313,-73.0804028,4.4,584,0
260,1269,41.2075416,-73.0862043,4.3,101,1
1358,1100,41.2003752,-73.0676551,4.5,2246,0
698,1368,41.2211914,-73.0561488,4.4,86,0
1019,1264,41.2145421,-73.0736748,0,0,0
1873,1050,41.2144985,-73.0736904,0,0,0
2240,1491,41.2227871,-73.0571668,4.5,181,0
148,1398,41.2189292,-73.0638427,4.7,6,0
500,1087,41.2220944,-73.0464309,0,0,0
362,1253,41.2144845,-73.0735935,0,0,0
954,1388,41.2179077,-73.0630564,4.6,34,0
1868,1334,41.2145421,-73.0736748,0,0,0
2099,1019,41.2217138,-73.0573672,4.5,1177,2
664,1400,41.2360454,-73.0357313,4.3,48,2
1454,1017,41.2321271,-73.0400256,4,12,0
1228,1366,41.2230239,-73.064867,3.8,13,0
1125,1422,41.2351937,-73.0359423,3,2,0
742,1251,41.308274,-72.9278835,0,0,0
516,1199,41.3130602,-72.9339436,4.1,736,0
124,1348,41.3050076,-72.9293841,4.2,680,0
436,1307,41.3163244,-72.9223431,4.5,1800,0
1527,1276,41.3055995,-72.926884,4.1,1683,0
2149,1080,41.3065028,-72.9303923,4.4,1811,1
90,1002,41.3109307,-72.9263462,2.6,5,0
311,1446,41.3029876,-72.9169419,4.5,7303,2
151,1374,41.3115533,-72.9295973,4.3,803,2
2018,1033,41.3063812,-72.9288788,4.6,740,0
2118,1208,41.3037776,-72.9355179,3.4,170,0
549,1387,41.30839,-72.930958,4.8,1882,0
740,1355,41.311893,-72.9309429,4,774,3
1007,1073,41.304827,-72.9359041,3.5,82,0
1728,1054,41.3089105,-72.9330138,4.6,344,0
663,1218,41.3114292,-72.9443161,0,0,0
80,1471,41.3134369,-72.9241294,2.8,5,0
808,1035,41.2975671,-72.9266539,3.4,165,0
642,1140,41.2982815,-72.9262518,4.2,99,0
1173,1112,41.2705484,-72.9469711,0,0,0
1980,1133,41.3069859,-72.9244536,3,23,0
1988,1448,41.3055866,-72.927307,4.5,816,2
72,1472,41.3066515,-72.9307073,4.3,1340,2
1656,1350,41.3159749,-72.9212249,4.7,1230,0
339,1416,41.3062,-72.9276,4.4,1056,2
1082,1111,41.3045436,-72.9357954,0,0,0
2196,1496,41.3117085,-72.9280908,4.3,84,0
366,1037,41.3045436,-72.9357954,0,0,0
1645,1338,41.3045436,-72.9357954,0,0,0
1470,1218,41.3045436,-72.9357954,0,0,0
1959,1467,41.3043573,-72.9354364,0,0,0
1820,1017,41.3043573,-72.9354364,0,0,0
754,1160,41.3043573,-72.9354364,0,0,0
1882,1282,41.3043573,-72.9354364,0,0,0
381,1206,41.3039882,-72.9350958,0,0,0
542,1205,41.3051796,-72.9230789,4.6,80,0
1059,1203,41.2974745,-72.9266831,4.4,38,0
1860,1318,41.304827,-72.9359041,5,3,0
693,1491,41.304215,-72.9317535,2.9,14,0
580,1128,41.3015319,-72.9357469,4.6,10,0
1601,1447,41.3115904,-72.9305077,4,106,3
1731,1283,41.29751,-72.926636,3.2,87,0
755,1239,41.3167886,-72.9250156,4.7,153,0
359,1002,41.3061607,-72.9296587,4.2,826,2
2242,1122,41.3060796,-72.9304171,4.5,2522,2
1031,1318,41.2975695,-72.9266142,1,1,0
1532,1165,41.3078875,-72.9305307,4.8,552,0
707,1136,41.3081574,-72.9261243,4.1,3700,0
974,1253,41.3115411,-72.9288876,4.3,3,0
1215,1409,41.3072011,-72.9289587,4.4,1221,2
2267,1153,41.3013936,-72.9614403,2,1,0
1287,1329,41.3100929,-72.9418703,5,5,0
280,1166,41.30064,-72.936276,0,0,0
388,1364,41.3157119,-72.9275342,0,0,0
1050,1488,41.3031844,-72.933476,0,0,0
1463,1196,41.3069859,-72.9244536,0,0,0
378,1430,41.3102538,-72.9431532,0,0,0
1978,1468,41.3156039,-72.9278896,5,3,0
992,1235,41.3107249,-72.9422403,0,0,0
2048,1060,41.3155602,-72.9273604,0,0,0
759,1229,41.308274,-72.9278835,0,0,0
1768,1392,41.3130602,-72.9339436,4.1,736,0
1991,1148,41.3050076,-72.9293841,4.2,680,0
1669,1280,41.3055995,-72.926884,4.1,1683,0
1964,1092,41.3163244,-72.9223431,4.5,1800,0
2078,1146,41.3065028,-72.9303923,4.4,1811,1
2002,1076,41.3109307,-72.9263462,2.6,5,0
2159,1232,41.3115533,-72.9295973,4.3,803,2
2221,1174,41.3029876,-72.9169419,4.5,7303,2
1698,1086,41.3063812,-72.9288788,4.6,740,0
1950,1225,41.3037776,-72.9355179,3.4,170,0
1196,1311,41.30839,-72.930958,4.8,1882,0
897,1056,41.311893,-72.9309429,4,774,3
444,1119,41.304827,-72.9359041,3.5,82,0
1574,1219,41.3089105,-72.9330138,4.6,344,0
1854,1393,41.3114292,-72.9443161,0,0,0
318,1029,41.3134369,-72.9241294,2.8,5,0
2274,1016,41.2975671,-72.9266539,3.4,165,0
434,1462,41.3055866,-72.927307,4.5,816,2
632,1446,41.2705484,-72.9469711,0,0,0
934,1471,41.2982815,-72.9262518,4.2,99,0
1852,1100,41.3069859,-72.9244536,3,23,0
1856,1169,41.3066515,-72.9307073,4.3,1340,2
661,1450,41.3062,-72.9276,4.4,1056,2
1505,1150,41.3045436,-72.9357954,0,0,0
652,1259,41.3045436,-72.9357954,0,0,0
1003,1090,41.3045436,-72.9357954,0,0,0
330,1182,41.3045436,-72.9357954,0,0,0
1522,1085,41.3043573,-72.9354364,0,0,0
985,1444,41.3043573,-72.9354364,0,0,0
2248,1354,41.3043573,-72.9354364,0,0,0
658,1358,41.3043573,-72.9354364,0,0,0
613,1005,41.3039882,-72.9350958,0,0,0
727,1133,41.3117085,-72.9280908,4.3,84,0
25,1348,41.3159749,-72.9212249,4.7,1230,0
750,1149,41.3051796,-72.9230789,4.6,80,0
807,1478,41.2974745,-72.9266831,4.4,38,0
2036,1203,41.304827,-72.9359041,5,3,0
2188,1068,41.304215,-72.9317535,2.9,14,0
110,1108,41.3013936,-72.9614403,2,1,0
1268,1466,41.3015319,-72.9357469,4.6,10,0
1786,1293,41.3115904,-72.9305077,4,106,3
1216,1406,41.29751,-72.926636,3.2,87,0
1960,1221,41.3167886,-72.9250156,4.7,153,0
1602,1480,41.3061607,-72.9296587,4.2,826,2
171,1163,41.3060796,-72.9304171,4.5,2522,2
930,1081,41.2975695,-72.9266142,1,1,0
1341,1437,41.3078875,-72.9305307,4.8,552,0
823,1014,41.3081574,-72.9261243,4.1,3700,0
1038,1059,41.3115411,-72.9288876,4.3,3,0
18,1039,41.3072011,-72.9289587,4.4,1221,2
1949,1125,41.3100929,-72.9418703,5,5,0
163,1260,41.30064,-72.936276,0,0,0
1849,1056,41.3132287,-72.9604717,4.5,232,0
791,1270,41.3157119,-72.9275342,0,0,0
2277,1280,41.3031844,-72.933476,0,0,0
126,1143,41.3102538,-72.9431532,0,0,0
1174,1275,41.3107249,-72.9422403,0,0,0
609,1041,41.3069859,-72.9244536,0,0,0
1332,1366,41.3156039,-72.9278896,5,3,0
1689,1172,41.3358915,-71.9058854,0,0,0
328,1151,41.3717152,-71.9536998,4.1,1376,0
1176,1057,41.3544391,-71.9674611,4.6,318,0
591,1411,41.3710961,-71.9599762,4.2,575,0
1672,1282,41.3736695,-71.9613902,3.7,806,0
774,1286,41.3782151,-71.9551304,3.6,684,0
1940,1441,41.3774325,-71.9585844,4.3,758,0
1387,1380,41.3793501,-71.9580888,3.4,789,0
1721,1427,41.3480354,-71.9561642,4.5,257,0
1972,1091,41.3775473,-71.9565871,4.1,550,0
1324,1458,41.3599682,-71.9636479,4.6,3779,0
296,1285,41.3733894,-71.9526649,4.4,13335,0
1103,1107,41.3508911,-71.9595642,4.1,713,0
1545,1500,41.3736292,-71.9577254,4.6,5068,0
935,1201,41.3718773,-71.9584469,4.2,518,0
1841,1190,41.3776296,-71.9572996,3,16,0
2194,1422,41.37312,-71.9616489,3.4,328,0
518,1173,41.354434,-71.9693223,4.7,128,0
1809,1137,41.3509778,-71.9721333,4.5,1277,2
1322,1457,41.3497456,-72.0790717,0,0,0
26,1118,41.3990182,-71.9539011,4.6,557,0
1451,1106,41.3730087,-71.955923,4.7,3,0
1622,1213,41.3732173,-71.9574269,4.7,80,0
1937,1064,41.3730087,-71.955923,0,0,0
1570,1007,41.3733651,-71.9575693,5,4,0
2087,1036,41.3791515,-71.9560473,4.3,96,1
913,1326,41.350949,-71.959576,3.9,420,2
365,1242,41.3509248,-71.9631688,4.6,16,0
1092,1254,41.3676979,-71.9401245,4.5,10,0
1836,1069,41.345475,-71.958233,4.3,112,0
303,1122,41.353144,-71.9712086,4.4,152,0
834,1427,41.3729361,-71.9595587,3.9,1513,3
1148,1124,41.3732667,-71.9531564,0,0,0
514,1068,41.343465,-71.9476827,4.4,1017,2
422,1377,41.3709857,-71.9568603,0,0,0
475,1421,41.3910571,-71.95986,4.9,17,0
1918,1087,41.3729825,-71.9560175,0,0,0
1111,1139,41.3934145,-71.9617565,4.5,806,2
416,1441,41.3545985,-71.9671067,4.5,487,0
1398,1434,41.3528444,-71.9719472,4.6,940,3
1452,1450,41.355084,-71.9671059,4.3,450,2
407,1085,41.354318,-71.970581,4.8,146,0
1965,1010,41.3763847,-71.952713,4.3,236,0
1367,1118,41.3708726,-71.9568356,4.4,405,0
1995,1048,41.3507312,-71.9558911,4.9,7,0
2168,1426,41.3932688,-71.9619241,0,0,0
1795,1410,41.3414095,-71.9401142,0,0,0
1081,1040,41.354592,-71.970047,4.5,37,0
1607,1361,41.3731312,-71.9576968,4.3,615,1
1449,1267,41.344295,-71.9516794,4.9,21,0
286,1181,41.3735563,-71.9559924,4.7,78,0
1075,1281,41.3439376,-71.9744241,4.2,22,0
291,1323,41.3488272,-71.9579932,3.8,46,1
552,1384,41.377479,-71.958943,0,0,0
1309,1088,41.3709801,-71.9569107,4.2,5,0
341,1126,41.3729081,-71.9566311,2,4,0
1348,1271,41.3563753,-71.9625438,4.5,2,0
1850,1193,41.3508527,-71.9619459,4.9,67,0
393,1289,41.3521285,-71.9649258,0,0,0
837,1449,41.3774236,-71.9560993,0,0,0
2064,1315,41.5623209,-72.6506488,0,0,0
462,1092,41.5577858,-72.6472764,4.3,433,0
2249,1358,41.5566104,-72.6569041,4.6,173,0
1667,1205,41.569337,-72.6487222,4.3,130,0
1486,1465,41.5543067,-72.6472698,3,167,0
288,1456,41.5241694,-72.6711089,4.7,183,0
2216,1458,41.5772612,-72.6791079,3.3,9,0
749,1032,41.5476112,-72.697998,3.3,116,0
1339,1447,41.5464016,-72.6372766,4.2,494,0
1385,1047,41.5616917,-72.6522056,4.8,1030,0
1654,1421,41.5322815,-72.6750443,5,13,0
1493,1302,41.523649,-72.665664,4.3,717,2
454,1264,41.5604075,-72.6493219,4.4,257,2
1640,1054,41.565348,-72.6530443,4.4,1163,2
946,1161,41.5556898,-72.6313018,3,41,0
1774,1237,41.5542965,-72.6723159,2.3,37,2
1468,1126,41.55353,-72.6741958,4.5,913,1
1254,1280,41.535312,-72.6761142,4.5,399,0
1311,1204,41.5255889,-72.6387329,4.7,202,0
122,1370,41.5950989,-72.6453705,0,0,0
86,1306,41.5232736,-72.6656018,3.8,93,0
1916,1190,41.5512711,-72.6609449,4.5,109,0
803,1402,41.565928,-72.6525058,4.3,756,2
2253,1101,41.5611108,-72.6557231,4.8,5,0
1366,1009,41.5596625,-72.6468142,4.1,563,0
1615,1408,41.5543626,-72.6841828,3.5,62,1
157,1012,41.5560199,-72.6701211,4.4,782,2
793,1397,41.5282037,-72.6745955,2.4,16,0
2060,1072,41.5499077,-72.6411554,0,0,0
2129,1046,41.5418749,-72.6522696,3.5,90,1
145,1273,41.5596103,-72.6506881,0,0,0
1933,1196,41.5765342,-72.6712646,4.2,817,0
58,1485,41.552888,-72.6825471,4.1,679,1
255,1110,41.5415335,-72.6211227,4,4,0
809,1394,41.5602621,-72.6492137,4.3,285,2
1330,1103,41.551299,-72.6608343,3.9,7,0
975,1271,41.5123676,-72.712632,4.3,7,0
955,1114,41.5335081,-72.6403018,4.2,737,0
1190,1112,41.5602092,-72.649254,4.9,7,0
188,1494,41.5618521,-72.6503648,4.7,20,0
12,1239,41.5574463,-72.6473834,4.3,12,0
193,1212,41.5604553,-72.6489682,0,0,0
1567,1076,41.5604654,-72.6500943,3.2,10,0
1590,1321,41.5192977,-72.643254,3,1,0
845,1261,41.5594983,-72.6510905,0,0,0
981,1032,41.5604117,-72.648948,5,2,0
1200,1420,41.546734,-72.6506847,4.7,10,0
1620,1105,41.5604553,-72.6489682,0,0,0
2102,1235,41.5153516,-72.68381,0,0,0
1135,1461,41.5547528,-72.6820787,3.6,109,2
1243,1409,41.5605179,-72.6489674,0,0,0
180,1202,41.5529214,-72.6805395,4.1,950,2
1745,1481,41.5605716,-72.6469208,0,0,0
1701,1037,41.560924,-72.650431,4,788,2
1510,1007,41.5537799,-72.6827976,3,20,0
2043,1174,41.5596103,-72.6506881,0,0,0
363,1135,41.53939,-72.654051,4.1,415,2
729,1120,41.565097,-72.6528474,2.5,76,0
2280,1188,41.5637933,-72.6521876,5,1,0
1925,1233,41.5603629,-72.6467661,0,0,0
249,1176,41.1792258,-73.1894384,0,0,0
1543,1340,41.2038171,-73.1904834,3,970,0
1209,1428,41.2108676,-73.190528,4.2,1214,1
982,1480,41.2055506,-73.1879986,4.8,30,0
1392,1289,41.199431,-73.181101,3.7,506,0
2123,1143,41.2287921,-73.1838393,4.4,3144,0
262,1094,41.1969957,-73.1691042,3.7,34,0
331,1185,41.2019869,-73.1894338,4.7,2619,0
2092,1125,41.2220971,-73.1677014,2.8,32,1
718,1154,41.2148811,-73.1754315,4.4,684,1
402,1174,41.2058051,-73.1883403,4.3,382,0
1828,1202,41.2222222,-73.1680556,4.3,1006,2
60,1161,41.2013626,-73.1849822,3.8,36,0
532,1111,41.2234197,-73.1799491,0,0,0
1961,1100,41.2046232,-73.1625532,4.5,8,0
909,1178,41.2057677,-73.1883345,5,1,0
602,1315,41.2251193,-73.1848427,3.5,46,0
543,1251,41.2077318,-73.1915646,4.2,3933,0
1154,1319,41.2013373,-73.1907434,0,0,0
105,1185,41.1845415,-73.1331651,0,0,0
210,1389,41.2049035,-73.1622486,5,4,0
1438,1329,41.2275309,-73.1824757,3.6,88,0
1002,1033,41.2014753,-73.1731637,2.3,3,0
1259,1331,41.214508,-73.152035,4.3,218,0
1271,1238,41.202527,-73.186011,4.3,13,0
278,1394,41.2037834,-73.1876095,4.7,96,0
307,1197,41.1998671,-73.1636961,4.3,21,0
438,1378,41.2187844,-73.1631907,0,0,0
1924,1471,41.1936504,-73.1592193,3.5,45,0
1444,1016,41.2034511,-73.1878456,3.3,42,0
1515,1050,41.1932868,-73.1752353,3.8,16,0
1878,1045,41.2076659,-73.1786262,3.7,3,0
1487,1409,41.2005458,-73.1919573,0,0,0
1041,1066,41.2114145,-73.177208,0,0,0
1886,1212,41.2077652,-73.180524,0,0,0
1064,1296,41.2005808,-73.1634847,5,1,0
1719,1104,41.2005502,-73.1868517,4.1,2051,0
1784,1249,41.1997065,-73.1751704,4.6,9,0
202,1298,41.2060051,-73.1828856,4.8,16,0
1246,1391,41.2111992,-73.1786363,2.2,5,0
43,1115,41.2238336,-73.1674819,5,2,0
505,1202,41.2007682,-73.1644628,1,1,0
2135,1075,41.2126709,-73.1872723,0,0,0
134,1174,41.2076747,-73.1790485,0,0,0
460,1149,41.2084943,-73.1786083,0,0,0
2070,1414,41.2113231,-73.1786103,5,1,0
473,1014,41.2027438,-73.1863104,5,1,0
1302,1266,41.2198839,-73.1845493,4,25,0
1327,1406,41.200245,-73.1837318,4.1,123,0
637,1149,41.2140512,-73.1683519,0,0,0
1285,1215,41.2079359,-73.1796906,3,2,0
464,1074,41.2113231,-73.1786103,5,3,0
10,1448,41.1995364,-73.1746839,5,3,0
334,1346,41.2003425,-73.1762536,0,0,0
1130,1032,41.222661,-73.1686899,5,2,0
1455,1480,41.2026126,-73.1676819,0,0,0
1048,1237,41.2144206,-73.1715356,4.4,8,0
1279,1399,41.2142718,-73.1741139,4.1,60,0
2219,1103,41.2161057,-73.1875853,5,4,0
561,1413,41.2130102,-73.176291,4.9,7,0
525,1400,41.308274,-72.9278835,0,0,0
1987,1002,41.268729,-72.9757163,4.2,726,0
861,1182,41.2832425,-72.9302338,4.5,26,0
1832,1366,41.2812821,-72.9414803,2.9,576,0
874,1110,41.2945284,-72.9201974,3,1209,0
2134,1362,41.2689833,-72.9747254,3.8,603,0
1492,1026,41.2921105,-72.9618992,4.3,284,0
1235,1414,41.2558306,-73.0017676,4,499,0
1641,1315,41.2885066,-72.9293806,3.9,206,0
1725,1075,41.268622,-72.976384,4.5,4287,2
137,1243,41.2752432,-72.967013,2.6,401,0
1663,1312,41.2593896,-72.9585938,3.6,22,0
112,1032,41.2844004,-72.9576103,0,0,0
1086,1019,41.2844004,-72.9576103,0,0,0
1535,1213,41.2844152,-72.9576369,5,1,0
234,1153,41.2844004,-72.9576103,0,0,0
804,1263,41.2844037,-72.957614,0,0,0
891,1120,41.2844004,-72.9576103,0,0,0
1343,1222,41.2844004,-72.9576103,0,0,0
1936,1206,41.2705484,-72.9469711,0,0,0
2111,1359,41.2827061,-72.9604283,0,0,0
1044,1054,41.2844004,-72.9576103,0,0,0
857,1333,41.2844004,-72.9576103,0,0,0
2152,1447,41.2723511,-72.9883249,4.2,949,1
53,1358,41.2844004,-72.9576103,0,0,0
1638,1225,41.2844004,-72.9576103,0,0,0
293,1318,41.2844004,-72.9576103,0,0,0
551,1353,41.2844004,-72.9576103,0,0,0
1799,1366,41.2844004,-72.9576103,0,0,0
1345,1413,41.2844004,-72.9576103,0,0,0
856,1496,41.2844004,-72.9576103,0,0,0
1458,1390,41.2844004,-72.9576103,0,0,0
899,1016,41.2844004,-72.9576103,0,0,0
1207,1482,41.2844004,-72.9576103,0,0,0
1131,1487,41.2844004,-72.9576103,0,0,0
1775,1083,41.2844004,-72.9576103,0,0,0
1631,1372,41.2844004,-72.9576103,0,0,0
2054,1191,41.2836612,-72.9604509,0,0,0
1625,1041,41.2844004,-72.9576103,0,0,0
951,1105,41.2844004,-72.9576103,0,0,0
2069,1392,41.2844004,-72.9576103,0,0,0
521,1066,41.2844004,-72.9576103,0,0,0
1294,1452,41.2844004,-72.9576103,0,0,0
706,1097,41.2844004,-72.9576103,0,0,0
115,1465,41.2844004,-72.9576103,0,0,0
1142,1215,41.2844004,-72.9576103,0,0,0
1557,1462,41.2844004,-72.9576103,0,0,0
1647,1129,41.2844004,-72.9576103,0,0,0
589,1099,41.2844004,-72.9576103,0,0,0
2276,1092,41.2844004,-72.9576103,0,0,0
156,1068,41.2844004,-72.9576103,0,0,0
1482,1345,41.2844152,-72.9576369,0,0,0
1881,1089,41.2836612,-72.960451,0,0,0
821,1213,41.2844004,-72.9576103,0,0,0
1446,1200,41.2844004,-72.9576103,0,0,0
972,1017,41.2844004,-72.9576103,0,0,0
665,1409,41.2844004,-72.9576103,0,0,0
1401,1187,41.2844004,-72.9576103,0,0,0
1437,1452,41.2844004,-72.9576103,0,0,0
1548,1170,41.2844004,-72.9576103,0,0,0
59,1314,41.7658043,-72.6733723,0,0,0
1954,1437,41.7139166,-72.6436247,3.8,20,0
352,1232,41.7185556,-72.6555234,3,1571,0
1204,1151,41.7198461,-72.6209138,4.5,48,3
696,1340,41.7138785,-72.6436281,0,0,0
97,1025,41.7214898,-72.6229476,4.7,1680,3
1525,1172,41.7059728,-72.6610208,2.6,30,0
1591,1136,41.7138736,-72.6437451,4.7,38,0
304,1055,41.720834,-72.621323,4.2,142,2
1800,1453,41.7123369,-72.6629975,2.9,11,0
104,1182,41.7210667,-72.619875,4.6,1229,3
570,1306,41.7224535,-72.6190639,0,0,0
1397,1453,41.7176671,-72.6478053,3.3,3,0
1686,1180,41.7138465,-72.6437561,0,0,0
228,1439,41.7033251,-72.6600339,4,179,1
1844,1479,41.7206239,-72.6226011,5,1,0
24,1408,41.7138736,-72.6437451,0,0,0
267,1241,41.7138736,-72.6437451,4.4,52,0
917,1085,41.7117572,-72.6639532,4.5,40,0
883,1455,41.7634219,-72.6128339,0,0,0
281,1282,41.7206234,-72.6226404,3.5,2,0
1724,1322,41.7145684,-72.664845,4.2,5,0
1575,1241,41.7229243,-72.6685023,4,15,0
1063,1255,41.714037,-72.6177306,0,0,0
476,1390,41.720829,-72.6217967,5,451,4
200,1409,41.7093772,-72.6632232,4.1,14,0
933,1294,41.7010896,-72.6591585,4.3,89,0
2263,1382,41.7052632,-72.6614901,0,0,0
2205,1365,41.7075494,-72.661641,4.8,75,0
1306,1470,41.6973341,-72.6573294,4.7,217,0
1281,1193,41.7118204,-72.6639359,4.4,7,0
297,1054,41.7205609,-72.6226059,0,0,0
1066,1076,41.6986017,-72.6579084,0,0,0
1328,1037,41.7167167,-72.6684265,4.7,7,0
1068,1241,41.720148,-72.667654,4.3,223,0
370,1302,41.7205673,-72.6226617,0,0,0
1499,1441,41.7123844,-72.653927,4.6,57,0
1581,1499,41.7079575,-72.6617478,4.5,60,0
1958,1461,41.707661,-72.661601,1.5,63,0
321,1154,41.722694,-72.6225549,4.5,594,2
1483,1347,41.7145804,-72.6648531,0,0,0
1939,1065,41.720083,-72.621595,3.9,13,3
1106,1403,41.7005985,-72.6588927,5,3,0
540,1235,41.6986104,-72.6578852,5,1,0
465,1208,41.720285,-72.620173,4.2,150,2
305,1287,41.7244694,-72.6664736,4.4,10,0
928,1308,41.7145804,-72.6648531,0,0,0
810,1190,41.7204166,-72.6676965,3.3,9,0
1369,1273,41.7223979,-72.619061,0,0,0
2157,1322,41.7200707,-72.6183013,5,3,0
1042,1240,41.7245386,-72.6665328,0,0,0
413,1336,41.7138736,-72.6437451,0,0,0
2091,1009,41.7138736,-72.6437451,0,0,0
47,1388,41.720374,-72.6209659,4.1,409,1
1710,1253,41.7139262,-72.6440409,2.7,21,0
1666,1320,41.7138736,-72.6437451,0,0,0
162,1442,41.7021389,-72.6595686,3.6,22,0
1351,1002,41.6968936,-72.6583841,4.5,8,0
427,1134,41.7138465,-72.6437561,3.8,6,0
1612,1474,41.708067,-72.657051,5,1,0
924,1219,41.308274,-72.9278835,0,0,0
62,1380,41.3050076,-72.9293841,4.2,680,0
854,1088,41.3130602,-72.9339436,4.1,736,0
820,1026,41.2945284,-72.9201974,3,1209,0
2047,1233,41.3163244,-72.9223431,4.5,1800,0
734,1379,41.3029876,-72.9169419,4.5,7303,2
1076,1181,41.3055995,-72.926884,4.1,1683,0
175,1499,41.3065028,-72.9303923,4.4,1811,1
888,1100,41.3109307,-72.9263462,2.6,5,0
1011,1316,41.3115533,-72.9295973,4.3,803,2
2195,1200,41.3063812,-72.9288788,4.6,740,0
1900,1388,41.30839,-72.930958,4.8,1882,0
1166,1340,41.311893,-72.9309429,4,774,3
1356,1077,41.3037776,-72.9355179,3.4,170,0
185,1442,41.3134369,-72.9241294,2.8,5,0
1234,1312,41.3089105,-72.9330138,4.6,344,0
2051,1132,41.2975671,-72.9266539,3.4,165,0
482,1341,41.304827,-72.9359041,3.5,82,0
1569,1118,41.2982815,-72.9262518,4.2,99,0
2268,1064,41.3838782,-72.9026064,0,0,0
1055,1485,41.3159749,-72.9212249,4.7,1230,0
1630,1493,41.3069859,-72.9244536,3,23,0
447,1033,41.3055866,-72.927307,4.5,816,2
1249,1318,41.3066515,-72.9307073,4.3,1340,2
1381,1371,41.3062,-72.9276,4.4,1056,2
32,1072,41.3138713,-72.9129525,4.7,4205,2
1914,1295,41.3117085,-72.9280908,4.3,84,0
1912,1478,41.3051796,-72.9230789,4.6,80,0
78,1156,41.2974745,-72.9266831,4.4,38,0
1,1372,41.3039882,-72.9350958,0,0,0
44,1317,41.3043573,-72.9354364,0,0,0
1560,1037,41.3043573,-72.9354364,0,0,0
1694,1366,41.3043573,-72.9354364,0,0,0
1129,1146,41.3043573,-72.9354364,0,0,0
907,1410,41.3045436,-72.9357954,0,0,0
1518,1112,41.3045436,-72.9357954,0,0,0
100,1153,41.3045436,-72.9357954,0,0,0
825,1341,41.3045436,-72.9357954,0,0,0
2151,1133,41.29751,-72.926636,3.2,87,0
1115,1159,41.3167886,-72.9250156,4.7,153,0
312,1172,41.3115904,-72.9305077,4,106,3
1098,1212,41.304215,-72.9317535,2.9,14,0
170,1319,41.2957957,-72.9199735,4.3,7177,0
724,1270,41.2975695,-72.9266142,1,1,0
1179,1215,41.3061607,-72.9296587,4.2,826,2
2184,1270,41.304827,-72.9359041,5,3,0
634,1360,41.3060796,-72.9304171,4.5,2522,2
768,1128,41.3081574,-72.9261243,4.1,3700,0
574,1485,41.3078875,-72.9305307,4.8,552,0
2058,1107,41.3115411,-72.9288876,4.3,3,0
1024,1365,41.3072011,-72.9289587,4.4,1221,2
1226,1361,41.3015319,-72.9357469,4.6,10,0
2079,1041,41.3132791,-72.9042522,0,0,0
573,1285,41.2941653,-72.9227095,4.6,219,0
1435,1412,41.3157119,-72.9275342,0,0,0
630,1208,41.3069859,-72.9244536,0,0,0
1819,1298,41.3074532,-72.9240018,0,0,0
1292,1165,41.3158861,-72.9183929,4.5,170,0
1759,1347,41.3156039,-72.9278896,5,3,0
494,1158,41.3155602,-72.9273604,0,0,0
1391,1014,41.3556539,-72.0995209,0,0,0
141,1235,41.3391815,-72.1043394,5,2,0
1983,1214,41.3424004,-72.0595139,2.9,91,0
2165,1342,41.3343428,-72.0679501,3.3,15,0
1926,1332,41.3287391,-72.0974197,3.8,66,0
2191,1136,41.3179294,-72.0647414,4.9,18,0
2271,1119,41.3092595,-72.0993951,4.4,5045,0
1870,1122,41.3170937,-72.0648246,4.5,2,0
991,1359,41.3300875,-72.0466745,4.8,36,0
1559,1473,41.3363732,-72.1056199,0,0,0
308,1430,41.3363732,-72.1056199,0,0,0
849,1312,41.3363732,-72.1056199,0,0,0
114,1050,41.3363732,-72.1056199,0,0,0
730,1080,41.3354375,-72.1049075,0,0,0
635,1153,41.3365327,-72.1048246,2.6,215,0
537,1028,41.3363732,-72.1056199,0,0,0
1266,1490,41.3065798,-72.1168749,4.8,2244,0
968,1179,41.3374613,-72.0764206,3.1,16,0
54,1152,41.321587,-72.0989883,4.8,27,0
211,1486,41.3497456,-72.0790717,0,0,0
1136,1121,41.3472262,-72.0757364,4.2,85,1
387,1387,41.3102102,-72.105744,4.7,87,0
2076,1036,41.3162056,-72.0641611,4.7,125,0
504,1291,41.3413521,-72.1234331,4,59,1
1806,1319,41.3273322,-72.0682965,4.3,76,0
705,1020,41.3280111,-72.1072266,3.9,161,0
1951,1154,41.3474929,-72.0978957,4.6,2961,2
2122,1288,41.3425594,-72.1249543,3.4,400,1
1264,1055,41.3354223,-72.0677176,3.5,49,0
2112,1037,41.3458214,-72.1009307,0,0,0
499,1384,41.341425,-72.1150786,4.3,276,0
1242,1318,41.334428,-72.1016733,3.3,3,0
2143,1144,41.3353295,-72.1046336,0,0,0
98,1272,41.3354375,-72.1049075,0,0,0
1087,1083,41.3353296,-72.1046336,0,0,0
662,1097,41.3354375,-72.1049075,0,0,0
195,1497,41.3354375,-72.1049075,0,0,0
446,1406,41.3354375,-72.1049075,0,0,0
2013,1438,41.3354375,-72.1049075,0,0,0
1685,1403,41.3354375,-72.1049075,0,0,0
1511,1454,41.3354375,-72.1049075,0,0,0
121,1449,41.3354375,-72.1049075,0,0,0
1861,1381,41.3354375,-72.1049075,0,0,0
368,1400,41.3354375,-72.1049075,0,0,0
1316,1159,41.3359657,-72.1051731,4.6,12,0
50,1060,41.3363732,-72.1056199,0,0,0
962,1110,41.3363732,-72.1056199,0,0,0
1986,1002,41.3363732,-72.1056199,0,0,0
1175,1393,41.3363732,-72.1056199,0,0,0
1227,1342,41.3363732,-72.1056199,0,0,0
423,1236,41.3363732,-72.1056199,0,0,0
1284,1279,41.3363732,-72.1056199,0,0,0
534,1302,41.3363732,-72.1056199,0,0,0
677,1171,41.3363732,-72.1056199,0,0,0
1090,1456,41.3363732,-72.1056199,0,0,0
735,1467,41.3363732,-72.1056199,0,0,0
966,1172,41.3363732,-72.1056199,0,0,0
1803,1462,41.3363732,-72.1056199,0,0,0
610,1271,41.3363732,-72.1056199,0,0,0
685,1324,41.3363732,-72.1056199,0,0,0
748,1346,41.5623209,-72.6506488,0,0,0
178,1269,41.5577858,-72.6472764,4.3,433,0
1997,1337,41.5566104,-72.6569041,4.6,173,0
1741,1044,41.569337,-72.6487222,4.3,130,0
361,1445,41.5543067,-72.6472698,3,167,0
1717,1474,41.5772612,-72.6791079,3.3,9,0
1655,1402,41.5556898,-72.6313018,3,41,0
1589,1106,41.5616917,-72.6522056,4.8,1030,0
781,1265,41.5906915,-72.6762848,4.4,1925,0
1495,1136,41.5464016,-72.6372766,4.2,494,0
994,1173,41.565348,-72.6530443,4.4,1163,2
852,1202,41.5604075,-72.6493219,4.4,257,2
631,1099,41.5415335,-72.6211227,4,4,0
2107,1096,41.565928,-72.6525058,4.3,756,2
695,1431,41.593569,-72.674799,4.4,433,0
1623,1439,41.601954,-72.674057,4.3,444,0
625,1128,41.5596625,-72.6468142,4.1,563,0
1864,1248,41.5611108,-72.6557231,4.8,5,0
1576,1131,41.5765342,-72.6712646,4.2,817,0
1674,1415,41.5950989,-72.6453705,0,0,0
1994,1440,41.5694046,-72.6268768,4.4,33,0
1594,1028,41.5945739,-72.5916595,4.3,211,0
836,1057,41.5581749,-72.6148725,0,0,0
222,1074,41.5512711,-72.6609449,4.5,109,0
2217,1204,41.5580717,-72.6148352,1.9,8,0
2042,1059,41.5542965,-72.6723159,2.3,37,2
213,1462,41.5499077,-72.6411554,0,0,0
1346,1120,41.5743457,-72.6392623,4.6,5,0
539,1365,41.5695228,-72.6326534,4,81,1
2003,1353,41.5596103,-72.6506881,0,0,0
620,1304,41.6003429,-72.6549256,3.9,30,0
276,1081,41.541632,-72.6220521,0,0,0
1583,1451,41.541632,-72.6220521,0,0,0
1974,1235,41.541632,-72.6220521,0,0,0
1658,1053,41.541632,-72.6220521,0,0,0
1073,1392,41.541632,-72.6220521,0,0,0
1138,1310,41.541632,-72.6220521,0,0,0
1546,1308,41.5602621,-72.6492137,4.3,285,2
1440,1007,41.541632,-72.6220521,0,0,0
745,1183,41.541632,-72.6220521,0,0,0
1952,1310,41.5560199,-72.6701211,4.4,782,2
401,1131,41.55353,-72.6741958,4.5,913,1
2202,1363,41.6019581,-72.6740839,0,0,0
1516,1370,41.6069485,-72.6028439,4.3,63,0
1029,1120,41.5618521,-72.6503648,4.7,20,0
1071,1271,41.5447198,-72.6271271,2.8,25,0
780,1286,41.5602092,-72.649254,4.9,7,0
1565,1004,41.5484315,-72.6247469,4.7,25,0
2197,1493,41.5604553,-72.6489682,0,0,0
389,1095,41.5574463,-72.6473834,4.3,12,0
900,1075,41.5604654,-72.6500943,3.2,10,0
2270,1403,41.5726229,-72.6408139,5,1,0
1273,1357,41.5604117,-72.648948,5,2,0
236,1374,41.5757116,-72.6725347,3.5,18,0
672,1159,41.5945078,-72.6802073,0,0,0
1538,1494,41.5594983,-72.6510905,0,0,0
30,1107,41.5604553,-72.6489682,0,0,0
2233,1394,41.5581749,-72.6148725,0,0,0
585,1213,41.551299,-72.6608343,3.9,7,0
1323,1245,41.5605716,-72.6469208,0,0,0
431,1285,41.4022081,-72.4824991,0,0,0
2163,1477,41.4229825,-72.4284143,4.7,3111,0
1422,1127,41.4516924,-72.4644041,4.4,55,0
344,1493,41.4058995,-72.4525484,4.7,147,0
2203,1245,41.4028015,-72.4502475,4.4,255,3
1490,1370,41.3977293,-72.3907331,0,0,0
660,1365,41.3910925,-72.437931,3.8,25,1
2086,1345,41.4203164,-72.4282245,4.8,81,0
1320,1459,41.3940498,-72.4272478,4.5,128,0
1897,1194,41.453257,-72.432726,4.6,57,0
1399,1191,41.4031585,-72.4503918,0,0,0
218,1250,41.457921,-72.425856,4,4,0
1714,1474,41.4031585,-72.4503918,0,0,0
1137,1186,41.3975252,-72.4328617,2.8,4,0
876,1208,41.3860099,-72.4356601,5,6,0
2201,1492,41.4497146,-72.4692077,4.5,98,0
945,1077,41.3844479,-72.4355235,3.3,16,2
1831,1401,41.4223993,-72.3998741,4.6,164,2
1389,1131,41.4201299,-72.4451559,0,0,0
2088,1296,41.5034351,-72.4757767,0,0,0
1497,1255,41.408139,-72.4402065,0,0,0
1213,1004,41.4041011,-72.4512748,0,0,0
1232,1302,41.4355117,-72.4134882,4.8,59,0
1067,1126,41.4127959,-72.4435704,4.3,105,0
1236,1210,41.4027888,-72.4405509,5,1,0
1307,1443,41.422889,-72.3983656,0,0,0
1743,1419,41.4201299,-72.4451559,0,0,0
1668,1196,41.4201299,-72.4451559,3.7,3,0
1902,1207,41.4144135,-72.4464044,5,1,0
1702,1197,41.4196462,-72.4276185,5,1,0
1598,1306,41.4227087,-72.40033,0,0,0
627,1487,41.4315649,-72.4055407,5,2,0
2208,1492,41.406964,-72.38863,0,0,0
1169,1004,41.4058505,-72.4506743,5,1,0
2155,1310,41.4203237,-72.4390747,0,0,0
187,1419,41.4221625,-72.398128,0,0,0
63,1323,41.4187561,-72.4442329,4,1,0
1406,1340,41.4495272,-72.4605132,5,17,0
529,1174,41.4201299,-72.4451559,0,0,0
1132,1418,41.4026631,-72.4499628,0,0,0
538,1011,41.4151359,-72.4517364,0,0,0
1644,1071,41.431158,-72.426565,0,0,0
733,1050,41.4212112,-72.4106445,4.7,7,0
1865,1094,41.4314132,-72.4290199,5,1,0
469,1290,41.4258609,-72.4066706,5,4,0
1374,1181,41.435087,-72.41573,0,0,0
581,1223,41.4316503,-72.4066351,5,9,0
1375,1326,41.4224524,-72.3998484,4.7,3,0
1429,1100,41.4075306,-72.3850337,0,0,0
710,1462,41.425779,-72.4485957,0,0,0
669,1019,41.439615,-72.432931,3.2,13,0
921,1323,41.4201299,-72.4451559,0,0,0
1635,1096,41.42013,-72.445156,3.8,4,0
2247,1317,41.4114944,-72.4404065,4.6,414,1
2120,1423,41.4057861,-72.4316802,0,0,0
158,1477,41.452976,-72.4117289,5,6,0
251,1076,41.4454306,-72.4351375,4.9,14,0
337,1243,41.4021913,-72.4474603,5,2,0
1466,1340,41.3994727,-72.441472,0,0,0
1816,1234,41.4039059,-72.4508296,0,0,0
1333,1425,41.308274,-72.9278835,0,0,0
2066,1238,41.3050076,-72.9293841,4.2,680,0
408,1003,41.3130602,-72.9339436,4.1,736,0
263,1245,41.2945284,-72.9201974,3,1209,0
425,1354,41.3055995,-72.926884,4.1,1683,0
1606,1322,41.3065028,-72.9303923,4.4,1811,1
1643,1469,41.3109307,-72.9263462,2.6,5,0
1948,1004,41.2921105,-72.9618992,4.3,284,0
1764,1479,41.3115533,-72.9295973,4.3,803,2
2052,1053,41.3037776,-72.9355179,3.4,170,0
1289,1068,41.3063812,-72.9288788,4.6,740,0
2011,1038,41.30839,-72.930958,4.8,1882,0
873,1212,41.311893,-72.9309429,4,774,3
1771,1385,41.304827,-72.9359041,3.5,82,0
31,1206,41.3089105,-72.9330138,4.6,344,0
1396,1384,41.3114292,-72.9443161,0,0,0
1008,1269,41.2975671,-72.9266539,3.4,165,0
2150,1465,41.3163244,-72.9223431,4.5,1800,0
48,1494,41.2982815,-72.9262518,4.2,99,0
235,1062,41.2705484,-72.9469711,0,0,0
763,1141,41.3055866,-72.927307,4.5,816,2
996,1333,41.3066515,-72.9307073,4.3,1340,2
174,1251,41.3013936,-72.9614403,2,1,0
2110,1382,41.3134369,-72.9241294,2.8,5,0
558,1187,41.3069859,-72.9244536,3,23,0
1905,1456,41.3045436,-72.9357954,0,0,0
168,1100,41.3045436,-72.9357954,0,0,0
1488,1287,41.3045436,-72.9357954,0,0,0
912,1450,41.3045436,-72.9357954,0,0,0
2144,1488,41.3043573,-72.9354364,0,0,0
1739,1435,41.3043573,-72.9354364,0,0,0
1054,1456,41.3043573,-72.9354364,0,0,0
744,1450,41.3043573,-72.9354364,0,0,0
1070,1364,41.3062,-72.9276,4.4,1056,2
1282,1315,41.3039882,-72.9350958,0,0,0
2218,1217,41.3029876,-72.9169419,4.5,7303,2
379,1493,41.3117085,-72.9280908,4.3,84,0
1097,1410,41.2974745,-72.9266831,4.4,38,0
596,1217,41.304827,-72.9359041,5,3,0
771,1231,41.3051796,-72.9230789,4.6,80,0
497,1463,41.304215,-72.9317535,2.9,14,0
832,1160,41.3015319,-72.9357469,4.6,10,0
1756,1158,41.29751,-72.926636,3.2,87,0
766,1093,41.3115904,-72.9305077,4,106,3
74,1128,41.2975695,-72.9266142,1,1,0
189,1349,41.3061607,-72.9296587,4.2,826,2
155,1117,41.3060796,-72.9304171,4.5,2522,2
1706,1462,41.3078875,-72.9305307,4.8,552,0
739,1050,41.3081574,-72.9261243,4.1,3700,0
863,1204,41.3115411,-72.9288876,4.3,3,0
194,1189,41.3072011,-72.9289587,4.4,1221,2
2190,1042,41.3132287,-72.9604717,4.5,232,0
2081,1260,41.30064,-72.936276,0,0,0
233,1331,41.3100929,-72.9418703,5,5,0
27,1213,41.3031844,-72.933476,0,0,0
950,1297,41.3102538,-72.9431532,0,0,0
2007,1190,41.3107249,-72.9422403,0,0,0
1441,1000,41.3069859,-72.9244536,0,0,0
1160,1225,41.2885066,-72.9293806,3.9,206,0
2097,1405,41.3075256,-72.9296112,4.5,538,4
310,1286,41.0534302,-73.5387341,0,0,0
943,1403,41.1087199,-73.5466318,3.5,34,0
2073,1061,41.1108029,-73.5341784,3.8,10,0
2245,1176,41.1464721,-73.4968168,5,3,0
1462,1433,41.1286974,-73.4895453,5,3,0
1040,1483,41.1317899,-73.5218975,4.7,10,0
1839,1455,41.1467614,-73.4956893,3,2,0
851,1221,41.1106704,-73.5454478,2.8,9,0
349,1376,41.1464721,-73.4968168,0,0,0
1421,1296,41.110163,-73.5479211,0,0,0
603,1403,41.1069908,-73.5300555,4.6,685,0
1109,1353,41.1052831,-73.5487054,5,6,0
1544,1230,41.1100642,-73.5044795,4.7,92,0
1016,1076,41.1446441,-73.496485,4.5,93,3
161,1010,41.1082238,-73.5468286,0,0,0
190,1165,41.1059163,-73.5477345,3.3,65,1
1314,1183,41.145792,-73.4920729,4.1,38,0
657,1477,41.1131039,-73.5407409,0,0,0
1730,1306,41.1302656,-73.5202244,4.4,22,0
995,1463,41.146763,-73.4948445,0,0,0
489,1185,41.1447228,-73.4965001,4.8,13,0
1754,1170,41.1478904,-73.4913825,3.3,13,0
942,1286,41.1551316,-73.499322,4.3,129,0
2125,1078,41.1375888,-73.5575342,4,32,0
81,1353,41.1080267,-73.5468884,3.7,276,2
2250,1042,41.112678,-73.5415878,2.5,2,0
1578,1477,41.1261182,-73.5455335,4.6,279,2
1319,1350,41.107841,-73.547028,4.2,284,2
2236,1370,41.1285896,-73.4850006,4.1,22,0
1767,1375,41.1092611,-73.5477694,4.4,95,0
406,1066,41.106204,-73.547598,4.9,113,0
1291,1406,41.110176,-73.5456477,2.6,29,2
230,1067,41.1106228,-73.5394527,3,7,0
794,1423,41.112678,-73.5415878,1,1,0
1046,1426,41.1441552,-73.4981524,4.5,137,1
655,1158,41.1122773,-73.5437538,0,0,0
923,1389,41.1460567,-73.4991226,4.6,241,0
1629,1109,41.1046117,-73.5488608,3.5,81,2
1712,1206,41.1437997,-73.554159,4.1,9,0
336,1183,41.1524722,-73.4984653,4.8,30,0
2210,1077,41.1116632,-73.5396869,4.8,456,0
941,1075,41.1280889,-73.4927253,4.2,65,0
548,1355,41.1478088,-73.4934087,0,0,0
1370,1261,41.123465,-73.535305,4.3,13,0
360,1209,41.1044642,-73.5488186,4,140,2
324,1423,41.105619,-73.5478386,1.6,13,0
96,1304,41.1084133,-73.5467365,3.8,111,2
1241,1280,41.1329333,-73.4847292,5,1,0
2238,1024,41.1310916,-73.4958639,0,0,0
932,1322,41.1441624,-73.5491035,4.7,15,0
686,1408,41.106204,-73.547598,3.4,5,0
536,1272,41.1301093,-73.5567907,5,23,0
1649,1092,41.112678,-73.5415878,4.8,5,0
1660,1170,41.1112875,-73.5451555,5,44,0
681,1439,41.0968476,-73.5318515,0,0,0
1481,1185,41.1479323,-73.4913491,0,0,0
2175,1401,41.1152036,-73.5451355,3.9,36,0
1573,1303,41.1447588,-73.4962861,3.1,16,2
1549,1404,41.1470551,-73.4933509,4.2,25,3
2114,1189,41.7658043,-72.6733723,0,0,0
395,1049,41.7635886,-72.6695049,4.4,1668,0
1945,1132,41.7692847,-72.6762242,4,1572,0
1432,1098,41.764834,-72.6621017,4.3,1092,0
751,1398,41.766993,-72.661205,3.8,1162,0
484,1289,41.7525359,-72.6802372,2.8,496,0
1005,1193,41.7679229,-72.6727393,4.3,684,0
1913,1218,41.767097,-72.6766416,4.5,682,3
237,1322,41.7676907,-72.6728634,4,429,2
520,1127,41.7667208,-72.6754406,4.4,945,2
3,1260,41.7688191,-72.6815714,3.9,160,0
356,1126,41.7625953,-72.6808969,4.7,2394,0
1262,1001,41.7695347,-72.6652601,4.1,29,0
2089,1143,41.7637113,-72.6730855,4.7,1593,0
478,1304,41.7666206,-72.672762,3.4,41,0
947,1344,41.762069,-72.67397,4.4,199,0
1272,1038,41.7667722,-72.6762495,0,0,0
1977,1015,41.7537027,-72.6816415,3.7,319,0
471,1108,41.7667722,-72.6762495,4.6,10,0
1363,1107,41.7634219,-72.6128339,0,0,0
2034,1463,41.7827645,-72.6762778,4.6,16,0
139,1428,41.7674529,-72.6760612,4.8,59,0
1830,1190,41.766835,-72.6764557,2.1,32,0
1159,1189,41.7667722,-72.6762495,0,0,0
1976,1348,41.7670478,-72.6764377,4,4,0
717,1006,41.7591993,-72.6843746,4.8,9,0
2026,1488,41.7667546,-72.6766929,0,0,0
1188,1102,41.7668691,-72.6761111,0,0,0
566,1150,41.7668786,-72.6761806,0,0,0
1711,1056,41.7675708,-72.6628768,0,0,0
988,1378,41.7675271,-72.6628127,0,0,0
1450,1018,41.7629021,-72.6704094,4.7,1379,4
2029,1011,41.752427,-72.6814528,3.9,35,0
2183,1235,41.7541227,-72.6791793,5,1,0
1611,1386,41.7667964,-72.6761969,0,0,0
881,1112,41.7541227,-72.6791793,4,2,0
959,1146,41.7544695,-72.6816584,1,1,0
719,1172,41.7545043,-72.6812431,0,0,0
830,1308,41.7695668,-72.6819507,4.1,610,0
2171,1020,41.7541227,-72.6791793,5,1,0
1253,1284,41.7541227,-72.6791793,1,1,0
1600,1205,41.7676819,-72.679495,4.4,1832,2
2225,1121,41.7541227,-72.6791793,5,1,0
767,1231,41.7545043,-72.6812432,0,0,0
1909,1304,41.7541227,-72.6791793,0,0,0
355,1451,41.7545043,-72.6812432,0,0,0
572,1337,41.7541227,-72.6791793,0,0,0
1592,1384,41.7545043,-72.6812432,2.8,19,0
1855,1375,41.7541227,-72.6791793,0,0,0
250,1289,41.7541227,-72.6791793,0,0,0
1260,1167,41.7545529,-72.6820822,5,1,0
353,1176,41.7545043,-72.6812432,3.5,4,0
2266,1172,41.7542749,-72.6790075,5,1,0
983,1464,41.7541227,-72.6791793,0,0,0
1597,1180,41.7545616,-72.6792339,0,0,0
1004,1492,41.7541227,-72.6791793,5,1,0
246,1104,41.7684415,-72.6769672,4.3,2948,0
2020,1371,41.7541227,-72.6791793,0,0,0
1681,1235,41.7545616,-72.6792339,5,1,0
1085,1003,41.7541227,-72.6791793,2.5,2,0
1700,1410,41.6717648,-72.9492703,0,0,0
1147,1251,41.6535232,-72.9126227,4.4,1016,0
2101,1206,41.6087404,-72.8998178,4.2,430,0
700,1487,41.6318889,-72.87045,3.9,415,0
1542,1066,41.6342356,-72.8723688,3.1,1044,0
906,1146,41.6409674,-72.9195008,4.3,5515,0
1621,1418,41.6359267,-72.8726477,4.4,83,0
1274,1207,41.6292544,-72.8723506,3.5,433,0
1564,1413,41.6280997,-72.8743694,4.2,1457,2
1894,1020,41.6289603,-72.8749478,4.8,76,0
1627,1107,41.6178927,-72.9002362,4.5,708,0
618,1072,41.6065469,-72.9048859,3.5,32,0
699,1293,41.6112499,-72.9012749,4.3,476,2
853,1198,41.6691836,-72.944241,0,0,0
1742,1248,41.6376827,-72.877763,4.3,24,0
6,1055,41.641249,-72.8744709,1.9,32,0
1920,1384,41.6263142,-72.8741645,3.9,144,0
132,1013,41.6490184,-72.9026395,4.1,123,0
1313,1118,41.6300985,-72.8791216,4.2,1128,0
177,1134,41.5964869,-72.8776013,0,0,0
37,1080,41.6497859,-72.8713623,3.1,23,0
1018,1357,41.6373367,-72.8734574,4.3,566,0
1334,1167,41.611711,-72.9040149,4.2,941,1
1637,1451,41.6394663,-72.8711548,4.6,3158,0
415,1499,41.607003,-72.900504,4.1,465,2
1069,1126,41.6611609,-72.919172,4.1,56,1
386,1217,41.637718,-72.8690865,4.1,570,1
1413,1024,41.6323189,-72.8792077,4.6,8,0
268,1101,41.635741,-72.87261,3.6,38,1
1250,1498,41.6548124,-72.9110817,5,3,0
292,1322,41.667868,-72.9189797,3.5,249,0
949,1126,41.628987,-72.8794922,4.5,242,0
129,1316,41.6322119,-72.8996836,3.4,2732,3
1529,1166,41.6355484,-72.8749478,4,659,2
16,1114,41.6608438,-72.9200792,5,1,0
1033,1361,41.6079852,-72.8993325,4,57,1
1062,1004,41.6588463,-72.9171379,4.3,129,0
64,1056,41.6113679,-72.9018066,4.7,7,0
1704,1420,41.6233079,-72.8734932,3.9,79,1
2049,1214,41.6769308,-72.9365776,4,2,0
841,1334,41.6714279,-72.94336,5,2,0
397,1442,41.672447,-72.9125664,3.4,21,0
567,1059,41.6234985,-72.8697521,4,2302,1
1935,1148,41.6320771,-72.8779765,4.4,94,0
282,1051,41.6393565,-72.8733694,4.4,2095,2
1496,1067,41.6709561,-72.9394687,4.6,394,0
2262,1022,41.6723868,-72.8940164,4.8,100,0
346,1415,41.6715579,-72.9059536,4.6,1204,0
1910,1098,41.6728855,-72.9284698,4.1,23,0
1171,1157,41.6524795,-72.8705634,3.7,39,0
541,1450,41.6373748,-72.8751344,4.1,624,2
1595,1179,41.6388021,-72.8748233,4.1,566,2
1692,1457,41.6466271,-72.8726979,4.5,534,2
1919,1162,41.6699309,-72.9458287,4.2,60,0
1417,1136,41.6358897,-72.8749405,3.9,338,1
1975,1259,41.6406965,-72.8725863,4.2,482,1
231,1360,41.6659093,-72.9228151,4.5,1050,1
1275,1082,41.6775662,-72.9142998,4.8,336,0
1596,1457,41.6227819,-72.8736518,3.9,145,0
1720,1087,41.6112499,-72.9012749,4.5,6,2